target_1,y_test_1,predicted_1,target_2,y_test_2,predicted_2,target_3,y_test_3,predicted_3,target_4,y_test_4,predicted_4,target_5,y_test_5,predicted_5,target_6,y_test_6,predicted_6,target_7,y_test_7,predicted_7
9.075,9.075,7.562221,9.126,9.126002,7.539437,9.035,9.035,7.234253,8.981,8.981001,8.220159,8.394,8.394,8.216371,8.357,8.357,7.1941805,8.768,8.768,7.884931
9.31,9.31,7.711563,9.386,9.386001,8.058142,9.191,9.191001,7.5612273,9.101,9.100999,8.657161,9.163,9.163,8.9905815,9.036,9.035999,7.8589234,9.37,9.37,8.590181
9.197,9.197,7.61334,9.316,9.316,8.082009,9.021,9.021,7.751657,8.942,8.942,8.360557,9.111,9.111,8.678834,9.004,9.003999,7.9722147,9.463,9.463,8.331389
9.614,9.614001,8.149492,9.649,9.649,8.436179,9.421,9.421,8.081962,9.429,9.429,8.630277,9.481,9.481,8.786884,9.396,9.396,8.24849,9.715,9.715,8.736786
9.654,9.653999,8.34907,9.665,9.665002,8.528387,9.527,9.527,8.076223,9.418,9.417999,8.588896,9.544,9.544,8.875846,9.561,9.561,8.348905,9.815,9.815,8.808214
9.924,9.924,8.477679,9.914,9.914,8.745216,9.745,9.745,8.461213,9.705,9.705,8.889746,9.638,9.638,9.007352,9.529,9.529001,8.563328,9.88,9.88,8.921033
9.785,9.785,8.581843,9.797,9.797001,8.762786,9.68,9.68,8.495491,9.609,9.609,8.904246,9.837,9.837,9.07754,9.846,9.846,8.564181,10.073,10.073,9.016198
11.029,11.029001,10.292076,11.172,11.172001,10.251017,10.994,10.994,10.085449,10.995,10.995,10.511819,10.684,10.684,10.762948,10.773,10.773,10.241952,10.918,10.918,10.665288
15.152,15.152,12.802304,15.161,15.160999,12.893438,14.985,14.985001,12.515382,14.824,14.824001,12.673699,15.376,15.376,13.358461,14.978,14.978,13.108462,15.697,15.697,13.297224
17.706,17.706,14.53295,17.586,17.586,14.390045,17.393,17.393002,13.5359335,17.345,17.345,14.012775,17.495,17.495,14.572719,18.961,18.961002,14.4958,18.059,18.059,14.759976
21.56,21.56,15.824355,21.597,21.597,15.474853,21.109,21.109,14.860331,20.966,20.966,14.693196,21.482,21.482,15.335465,21.752,21.752,15.48552,22.184,22.184,15.822629
17.228,17.228,13.804816,17.238,17.238003,13.59822,16.814,16.814001,13.245627,16.545,16.544998,13.333955,17.189,17.189,13.9270525,16.991,16.991,13.500904,17.61,17.61,14.124273
16.289,16.289,12.721942,16.357,16.357,12.508243,16.147,16.147,12.069856,16.062,16.062,12.332863,16.289,16.289,12.937471,16.049,16.049,12.681006,16.641,16.641,13.167024
13.676,13.676,11.749043,13.825,13.825001,11.597664,13.434,13.434001,11.402561,13.46,13.46,11.545395,13.629,13.629001,11.89704,13.473,13.473,11.70683,13.871,13.871,12.184908
12.128,12.128001,11.184522,12.146,12.146,10.979921,12.01,12.010001,10.80786,12.043,12.043001,11.18611,12.449,12.449,11.211328,12.29,12.29,10.98651,12.443,12.443,11.443558
11.925,11.925,10.947758,12.042,12.041999,11.024336,11.901,11.901,10.916082,11.877,11.877001,11.214879,12.192,12.192,11.158896,12.086,12.0859995,10.681245,12.287,12.287,11.408485
11.778,11.778,10.653515,11.786,11.786001,10.94851,11.669,11.669,10.440449,11.628,11.628,10.89864,11.992,11.992,11.069052,11.916,11.915999,10.902598,12.095,12.095001,11.253226
11.479,11.479,10.958257,11.488,11.488,10.92176,11.411,11.411001,10.739443,11.39,11.39,11.6143465,11.482,11.482,11.864267,11.463,11.463,11.136427,11.563,11.563,11.813362
11.238,11.237999,10.080184,11.23,11.2300005,9.988158,11.21,11.21,9.88095,11.122,11.122,10.603828,11.291,11.291,11.428351,11.218,11.218,10.319587,11.353,11.353,11.1677
10.599,10.599,8.921592,10.634,10.634,8.851764,10.559,10.559001,8.7177,10.49,10.49,9.31368,10.472,10.472,10.095525,10.487,10.487,8.98327,10.609,10.609,9.607077
9.247,9.247,7.3008504,9.242,9.242,7.317447,9.245,9.244999,7.35635,9.22,9.220001,7.90277,9.228,9.228,8.738993,9.146,9.146,7.6088443,9.274,9.274,8.083321
7.263,7.2630005,10.545611,7.351,7.351,10.493318,7.699,7.698999,10.48127,7.592,7.592,10.716084,7.741,7.741,11.34153,7.87,7.8700004,11.16165,7.899,7.8990006,10.851753
17.678,17.678,16.643051,18.423,18.423,16.201748,17.443,17.443,15.157477,17.879,17.879002,15.542949,18.99,18.99,15.748106,19.245,19.245,16.41346,19.588,19.588,16.094522
24.265,24.265,17.329514,23.725,23.725,15.804376,22.522,22.522,15.068131,22.779,22.779,15.344381,22.657,22.657,15.719174,23.403,23.403002,16.355335,23.463,23.463,16.14502
15.883,15.883,10.48422,15.831,15.831002,9.971564,16.007,16.007,9.937466,15.649,15.649,10.072035,16.75,16.749998,10.807384,17.363,17.363,10.142555,15.864,15.864,10.746587
5.387,5.387,5.6605425,5.595,5.595,5.77723,5.541,5.541,5.8079147,5.744,5.744,6.2177243,6.791,6.791,6.335457,6.794,6.7940006,5.8362074,7.036,7.036,6.144231
4.499,4.499,3.9600163,4.467,4.467,4.7278,4.83,4.8299994,4.581738,4.712,4.712,5.633975,5.743,5.743,5.481351,5.896,5.8959994,4.893637,5.827,5.827,4.6708612
3.325,3.3250003,3.8648736,3.479,3.4790003,4.1347294,3.409,3.409,3.9256454,3.671,3.6710002,5.082231,4.693,4.693,4.6951313,4.833,4.833,4.063991,5.065,5.065,3.9250486
2.772,2.772,3.436059,2.745,2.7449996,3.9893832,2.815,2.815,3.7640967,3.079,3.0789998,4.8048596,3.929,3.9290001,4.5982018,4.172,4.172,3.940763,4.255,4.255,3.8147392
2.653,2.653,5.992637,2.642,2.6419997,6.2164063,2.878,2.878,6.168346,3.049,3.049,7.0984373,3.577,3.577,7.457658,3.981,3.9810002,6.5987096,3.651,3.651,6.565706
9.313,9.313,6.5459905,9.142,9.142001,6.5783076,9.444,9.444001,6.175927,9.311,9.311001,7.1078024,9.022,9.022,7.2775145,8.878,8.878,6.624454,9.237,9.237001,6.6666536
7.951,7.951,6.060592,7.867,7.867,5.8488135,7.776,7.776,5.801511,7.779,7.779,6.6817427,7.001,7.001,6.7576,6.943,6.943,6.004759,7.516,7.516,6.0636334
6.609,6.609,6.050535,6.667,6.667,5.8219395,6.45,6.45,5.6639686,6.404,6.404,6.666344,7.237,7.2370005,6.5879235,7.241,7.241,6.018639,7.248,7.248,6.088518
6.853,6.853,6.0777464,6.966,6.9659996,6.4433465,6.675,6.675,6.0486813,6.702,6.702,7.1978326,7.555,7.5550003,7.0579295,7.571,7.571,6.5122857,7.578,7.578,6.3132215
6.913,6.9130006,6.207515,7.165,7.165,6.360356,6.92,6.92,6.0197086,6.92,6.92,7.1784945,7.539,7.5390005,7.378862,7.49,7.49,6.281255,7.693,7.693,6.544714
7.381,7.3810005,6.4082384,7.549,7.549,6.6145473,7.308,7.3079996,6.325611,7.239,7.2390003,7.178312,7.94,7.94,7.408239,7.746,7.746,6.5605373,7.934,7.934001,6.942064
7.517,7.517,6.5195374,7.696,7.696,6.371316,7.475,7.4750004,6.276856,7.401,7.4009995,7.1259584,8.029,8.029001,7.3439713,7.912,7.912,6.3626385,8.059,8.059,6.8184485
7.478,7.478,6.9865026,7.531,7.531,6.6575484,7.3,7.3000007,6.5010934,7.337,7.3370004,7.3362613,7.984,7.9840007,7.695791,7.887,7.887,6.8066535,7.953,7.953,6.8211174
10.534,10.534,9.963399,11.069,11.069001,9.77359,10.744,10.744,9.122764,10.602,10.602001,10.287316,12.261,12.261,9.966949,12.574,12.574,9.552345,11.877,11.877,9.916067
17.776,17.775997,10.59212,17.416,17.416,9.933794,18.461,18.461,9.346949,18.461,18.460999,10.551851,16.257,16.257,9.917036,17.021,17.021002,9.573948,17.706,17.706,10.783328
13.166,13.166,10.427321,12.805,12.805001,9.580529,13.243,13.243001,9.426176,13.201,13.201,10.312036,13.524,13.524,10.049868,13.526,13.526,9.6694565,14.15,14.15,10.463394
7.512,7.5120006,7.1508374,7.495,7.495,7.313351,7.536,7.5360003,7.171438,7.517,7.5169997,7.72172,7.865,7.865,8.118502,7.843,7.8429995,7.614996,8.071,8.071001,7.319647
8.349,8.348999,6.687998,8.444,8.443999,7.4798174,8.321,8.321001,6.761765,8.318,8.318,7.7808404,8.629,8.629,7.913189,8.77,8.77,7.71333,8.855,8.8550005,7.443504
6.77,6.7699995,4.23314,6.68,6.6799994,5.2082276,6.756,6.756,4.750154,6.821,6.8209996,5.7923083,7.363,7.3630004,5.7417407,7.414,7.4139996,5.3512187,7.688,7.688,5.058483
5.923,5.923,5.7914762,5.947,5.947,6.3463135,5.931,5.931,6.0494146,6.005,6.005,6.9760375,6.349,6.349,6.904361,6.385,6.385,6.175243,6.78,6.78,6.481525
7.948,7.9480004,6.6158047,7.968,7.968,7.021576,7.873,7.873,6.5743833,7.867,7.867,7.646661,8.099,8.099001,8.161817,8.106,8.106001,7.022418,8.442,8.442,7.3928747
6.832,6.8320003,4.5547104,6.837,6.837,5.168852,6.906,6.905999,4.6997647,6.838,6.8380003,5.2582574,6.9,6.9,5.7632627,6.908,6.908,5.3272533,7.113,7.113,4.8400235
5.362,5.362,6.8730016,5.412,5.412,7.0785685,5.383,5.383,6.853503,5.427,5.427,7.335897,6.033,6.033,7.5608974,6.147,6.147,7.387677,6.671,6.671,7.291574
11.931,11.931,13.257261,12.172,12.172001,13.303135,11.266,11.266,12.305605,11.505,11.505,12.810748,14.442,14.442,13.645605,15.503,15.503,13.130553,15.346,15.346,13.8640175
20.972,20.971998,14.810365,20.275,20.275,13.9867325,20.521,20.521,13.160565,20.667,20.667,13.457857,21.451,21.451,14.501641,22.583,22.583002,14.308912,22.158,22.158,15.214834
12.479,12.479,10.2269945,12.574,12.574001,10.072972,12.354,12.354001,9.66836,12.311,12.311,10.292639,12.962,12.962,10.969831,13.376,13.376,10.452169,13.273,13.273,10.813261
9.731,9.730999,8.532322,9.703,9.703,8.618258,9.672,9.672001,8.414433,9.609,9.609,9.037926,9.907,9.907,9.4084635,9.891,9.891001,9.036939,10.127,10.127,9.371472
8.995,8.995,8.246604,9.015,9.015001,8.6054125,8.926,8.926,8.353066,8.869,8.869,9.368802,9.233,9.233,9.289713,9.196,9.196,8.893682,9.601,9.601,9.1151495
8.815,8.815001,7.427353,8.84,8.84,7.8256345,8.818,8.817999,7.5184555,8.77,8.7699995,8.668448,8.97,8.97,8.96825,8.991,8.991001,7.976736,9.403,9.403001,8.304431
8.355,8.355,6.806103,8.371,8.371,7.380834,8.411,8.411,6.8818655,8.308,8.308001,7.703073,8.624,8.624,8.15761,8.705,8.705,7.449453,8.94,8.94,7.4897513
6.021,6.021,5.112055,6.027,6.027,5.7936983,6.056,6.056,5.463227,6.123,6.123,6.0170093,6.366,6.366,6.342196,6.364,6.364,5.9124813,6.996,6.996,5.812614
3.53,3.5300004,2.4804826,3.498,3.4979997,3.1056712,3.53,3.53,2.9830246,3.658,3.658,3.5100615,3.497,3.4970002,3.8202689,3.515,3.5149999,3.3101463,4.299,4.299,2.584426
6.507,6.5069995,6.2344046,6.595,6.5950003,6.692433,6.325,6.325,6.1079383,6.236,6.236,6.830634,7.921,7.921,7.1439476,8.476,8.475999,6.7883954,8.63,8.63,6.5337653
9.131,9.1310005,8.820343,9.407,9.407,9.19131,9.117,9.117001,8.370693,9.379,9.379,9.076042,10.127,10.127,9.4093685,10.124,10.124,8.947963,10.692,10.692,9.111586
13.37,13.369999,9.349548,13.481,13.481,9.350188,12.886,12.886,8.668929,13.557,13.557,9.235009,15.367,15.367,9.593002,15.964,15.963999,9.371236,16.181,16.181,9.965854
5.942,5.942,4.8548083,6.081,6.081,4.996956,6.096,6.0960007,5.1107683,6.175,6.175,5.764492,7.165,7.1650004,6.0134425,7.156,7.156,5.4329505,7.688,7.688,5.011123
2.495,2.4950001,3.4343731,2.547,2.547,3.8682992,2.518,2.518,3.501993,2.598,2.5980003,4.7326527,4.066,4.066,4.7444916,4.208,4.208,4.354625,4.483,4.483,3.5105736
1.654,1.6540003,1.6369503,1.588,1.5879998,2.6847649,1.581,1.5810001,2.362725,1.646,1.6459999,3.7659376,3.459,3.4590003,3.8698537,3.497,3.497,3.3618374,3.909,3.9090002,2.1731617
0.477,0.47699997,-1.038679,0.613,0.613,0.2761134,0.751,0.75100017,-0.24973819,0.671,0.671,1.4045482,2.145,2.145,1.4334475,2.376,2.376,0.021727618,2.63,2.63,-0.4222292
-0.777,-0.77700007,-0.58940506,-0.715,-0.71500003,0.7258416,-0.643,-0.64300007,0.30612203,-0.604,-0.6039999,1.809508,0.908,0.908,1.9288971,1.035,1.0349998,0.4951538,1.563,1.563,-0.009750022
1.983,1.9830003,-0.10917287,2.034,2.034,1.0987464,1.978,1.9779999,0.5113148,2.025,2.0249999,1.811017,3.18,3.1800003,2.03291,3.287,3.2869995,0.7867391,3.541,3.5410001,0.08428887
1.408,1.4079999,2.1700685,1.291,1.2909997,2.6625862,1.221,1.2209998,2.168368,1.306,1.3060001,3.1910534,2.753,2.7530003,3.3293872,2.961,2.9609997,2.5008702,3.128,3.1280003,1.6677195
11.423,11.423,10.719992,12.193,12.193,10.642544,11.333,11.333001,9.393907,11.989,11.989,10.528414,13.838,13.838,10.082786,14.973,14.973,9.542286,15.121,15.121,10.469354
19.338,19.337997,13.215788,20.171,20.171,11.996081,18.253,18.253,11.280272,20.72,20.72,12.035298,22.335,22.335,11.478374,24.373,24.373001,11.541451,22.03,22.03,12.636361
11.417,11.417,8.277154,11.701,11.701,7.529372,11.119,11.119001,7.180682,11.297,11.297001,8.209626,12.363,12.363,8.632945,12.799,12.798999,7.5867467,12.403,12.402999,7.963316
4.245,4.245,2.968828,4.324,4.324,3.4218082,4.397,4.3969994,3.3535702,4.232,4.2320004,4.0835876,5.711,5.7109995,4.593754,5.711,5.711,3.5679872,5.933,5.9329996,3.0533118
0.108,0.1079999,-0.41199788,0.25,0.24999999,0.9855007,0.327,0.3270001,0.676794,0.209,0.20899998,2.4501476,2.222,2.222,2.238611,2.343,2.3430004,1.2483852,3.12,3.1200004,0.4641146
-1.15,-1.15,-1.290381,-1.203,-1.2030001,-0.17360994,-1.221,-1.2209998,-0.25436848,-1.354,-1.354,1.533005,0.788,0.7879999,1.3210963,0.919,0.91899997,-0.031140903,1.332,1.332,-0.7042263
-1.581,-1.581,-1.6508415,-1.841,-1.8409998,-0.8557337,-1.361,-1.3610001,-0.43225142,-1.705,-1.705,1.0250852,0.487,0.48700002,1.4145242,0.42,0.42000002,-0.53040123,1.103,1.1029999,-0.83879083
-0.268,-0.26799998,-1.328752,-0.217,-0.21699993,-1.0894269,-0.088,-0.088,-0.4162642,-0.271,-0.27100006,0.68750465,1.343,1.343,1.5268772,1.189,1.1890001,-0.58557636,1.818,1.818,-0.5620937
-0.397,-0.39700007,-0.8250501,-0.413,-0.41300008,-0.5584393,-0.401,-0.4009999,0.0024045561,-0.409,-0.4090001,0.932977,1.306,1.306,1.3517593,1.291,1.2910001,-0.50347924,1.938,1.938,-0.5849549
0.082,0.08199996,3.9095938,0.008,0.007999995,3.8999615,0.292,0.29199997,3.926956,0.225,0.22500004,4.7824206,1.708,1.7079998,5.2443733,1.668,1.6679999,4.0898457,2.378,2.3780003,3.699175
14.337,14.337,11.23415,12.874,12.874001,10.458257,13.383,13.383,9.157142,12.425,12.425001,10.401959,16.874,16.874,10.227722,17.543,17.543,9.926139,16.394,16.394,10.076736
13.548,13.548,10.939141,13.786,13.786001,9.650386,14.113,14.113001,9.144586,14.526,14.526,10.100631,14.291,14.291,10.061553,15.42,15.42,9.849329,15.484,15.484,9.821103
8.441,8.440999,5.394845,8.554,8.554,4.7247705,8.5,8.5,5.121838,8.523,8.523,5.782825,8.539,8.5390005,6.6101756,8.501,8.501,5.2848363,8.526,8.526,5.5606546
2.592,2.5919998,4.1008024,2.742,2.7419999,3.524191,2.815,2.815,3.957613,2.707,2.7069998,5.039376,3.681,3.681,5.6529484,3.474,3.4739997,4.0687547,4.177,4.1770005,4.344475
1.153,1.1529999,1.7588336,1.238,1.2380002,2.246295,1.393,1.3930001,2.4766738,1.321,1.321,4.0788627,2.618,2.618,4.4284825,2.535,2.5349998,2.5796576,2.893,2.8930004,2.5328236
1.391,1.3909998,1.4803371,1.428,1.428,1.4570054,1.478,1.478,1.5729126,1.298,1.298,2.6515703,2.531,2.531,2.8999617,2.393,2.393,1.6819432,2.888,2.8880002,1.7451016
-0.515,-0.515,0.20070277,-0.483,-0.48299992,0.6597883,-0.409,-0.40899995,0.9818259,-0.594,-0.5939998,1.6350254,1.079,1.0789999,2.0497634,1.163,1.1630001,1.1553016,1.727,1.727,1.1867028
-0.126,-0.12599988,-0.029221045,-0.317,-0.31699988,0.36983186,-0.074,-0.07399995,0.71751773,-0.439,-0.43900004,1.3945948,1.422,1.422,1.8076435,1.534,1.5340002,0.81779313,1.623,1.6230001,0.75660485
-0.606,-0.60600007,0.8363123,-0.522,-0.5220001,1.1327668,-0.31,-0.30999997,1.3872055,-0.422,-0.42200002,2.023238,0.823,0.823,2.4402554,0.91,0.9100001,1.5442227,1.257,1.2570001,1.2510669
7.732,7.732,9.676085,8.321,8.320999,10.16798,7.856,7.856,9.024443,8.113,8.113,9.92269,8.093,8.093001,9.751289,8.885,8.885,10.625684,9.808,9.808,9.699585
13.481,13.481,12.683098,14.078,14.078,12.395322,13.287,13.287001,11.040494,13.868,13.868,11.953275,14.865,14.865,11.378115,18.408,18.408,12.464579,16.627,16.627,12.96839
10.07,10.07,8.397431,10.193,10.193,8.136689,10.038,10.038001,8.026669,10.058,10.058001,8.532677,10.566,10.566,9.459435,11.12,11.12,8.754667,11.257,11.257,9.494038
7.059,7.0589995,6.271634,7.148,7.1479993,6.334928,6.954,6.9540005,6.3082986,6.884,6.884,6.736892,7.283,7.2830005,7.0331025,7.255,7.2550006,6.533195,7.464,7.464,6.8501306
6.574,6.574,6.319159,6.607,6.607,6.804407,6.547,6.5470004,6.332508,6.498,6.4980006,6.9985247,6.936,6.936,7.1351595,6.973,6.9729996,7.1217527,7.195,7.195,6.9452057
6.838,6.838,6.577188,6.909,6.908999,6.937262,6.732,6.732,6.751224,6.724,6.724001,7.281043,7.269,7.269,7.2201934,7.322,7.3220005,7.0432673,7.522,7.522,7.310139
6.837,6.837,6.149973,6.86,6.859999,6.5739627,6.799,6.7990007,6.216874,6.753,6.7529993,6.5523005,7.141,7.1409993,6.6505504,7.196,7.196,6.3100643,7.481,7.481,6.781428
6.679,6.679,6.8319387,6.717,6.716999,6.679314,6.577,6.577,6.1701007,6.61,6.61,6.565225,7.341,7.341,6.885248,7.355,7.3550005,6.427348,7.365,7.365,6.645082
6.648,6.647999,6.7264156,6.694,6.694,6.760749,6.472,6.472,6.247646,6.477,6.477,6.602513,7.291,7.2910004,7.0515804,7.233,7.233,6.8524613,7.363,7.363,6.7964892
6.698,6.698001,7.594623,6.685,6.6849995,7.3262415,6.514,6.514,6.9001236,6.507,6.5069995,7.3342934,7.373,7.3730006,7.605777,7.454,7.454,7.70399,7.464,7.464,7.7197576
10.971,10.971,9.620357,10.957,10.957001,9.700144,10.478,10.478,8.915089,10.844,10.844,9.64841,10.87,10.87,9.584641,11.161,11.161,9.551919,11.869,11.869,9.988602
12.015,12.015,9.687976,11.719,11.719001,9.43639,11.543,11.543001,8.679145,11.712,11.712,9.239297,11.595,11.595,9.511027,11.572,11.572,9.448105,12.113,12.113,9.721823
8.968,8.968,11.716441,9.047,9.047,11.814211,8.711,8.711,10.525031,8.832,8.832,11.046007,9.216,9.216,11.92042,9.307,9.307,12.210847,9.549,9.549001,11.496094
15.505,15.505001,13.247739,16.02,16.02,12.528569,16.51,16.51,11.148655,16.881,16.881,11.838681,15.44,15.44,12.698931,16.356,16.356,13.39947,16.972,16.972,12.406393
8.967,8.966999,7.077737,8.961,8.961,6.760361,9.213,9.213001,6.8420706,9.087,9.087,7.1615453,9.834,9.834,7.359131,10.271,10.271,6.7342086,10.11,10.11,7.224051
2.348,2.3479998,4.462333,2.255,2.2550004,4.4433355,2.371,2.371,4.665152,2.259,2.2590003,5.194446,3.434,3.4340003,5.1133466,3.317,3.3170002,4.472416,4.348,4.348,4.85976
0.074,0.07399999,1.499732,0.028,0.027999982,2.4769115,0.179,0.17899993,2.6406684,0.202,0.20200004,4.028686,1.182,1.1820002,3.6461756,1.335,1.3349999,2.586727,2.6,2.6,2.803246
3.429,3.429,4.960377,3.449,3.449,5.4313197,3.325,3.3249998,5.738995,3.323,3.3230002,6.473292,4.312,4.312,6.3531923,4.403,4.403,5.753443,4.927,4.927,5.501231
7.385,7.385,6.298338,7.462,7.4620004,6.415262,7.321,7.3210006,6.041151,7.311,7.311,6.8546376,7.774,7.7740006,7.1696677,7.748,7.7480006,6.531129,8.254,8.254001,6.4253473
6.829,6.8290005,6.2315955,6.796,6.7959995,6.4032903,6.764,6.764,6.2604647,6.728,6.727999,6.6726155,7.445,7.445001,6.810875,7.578,7.5780005,6.718421,8.073,8.073,6.2499766
6.572,6.5719995,6.3627295,6.639,6.639,6.580187,6.579,6.579,6.121354,6.56,6.5600004,7.131082,7.195,7.1950006,7.179506,7.31,7.31,6.9131455,7.812,7.8120003,6.6430683
6.759,6.759,6.1928945,6.766,6.765999,6.807066,6.707,6.7069993,6.2297,6.69,6.6899996,7.4726706,7.19,7.1900005,7.585605,7.285,7.285,6.9417377,7.74,7.74,6.9014792
6.587,6.587,6.2780476,6.622,6.622,6.6460276,6.585,6.585,6.437266,6.541,6.541,7.4487042,6.944,6.944,7.389748,7.083,7.0830007,6.8485427,7.594,7.594,6.7370853
6.401,6.4009995,5.936302,6.412,6.4119997,6.267805,6.406,6.406,5.843082,6.387,6.387,7.075843,7.01,7.01,7.0604935,7.063,7.063001,6.065737,7.58,7.58,6.423539
6.614,6.614,5.3355985,6.629,6.6289997,5.9116087,6.607,6.607,5.51059,6.552,6.552,6.541627,7.072,7.0720005,6.7058897,7.181,7.181,5.1878033,7.597,7.5970006,6.000388
4.574,4.574,4.667475,4.607,4.607,5.1633396,4.696,4.696,4.9018373,4.626,4.6259995,5.832706,5.494,5.494,5.8976383,5.698,5.698,4.6469584,6.602,6.602,5.194073
5.342,5.342,4.9453216,5.38,5.38,5.4237294,5.433,5.433,4.964965,5.435,5.435,6.032536,5.839,5.839,6.2284393,5.962,5.962,4.7653522,6.709,6.709,5.4465756
4.981,4.981,5.0718174,4.973,4.973,5.5016527,5.077,5.077,5.170307,5.069,5.069,5.871706,5.645,5.645,6.081525,5.869,5.869,5.102917,6.641,6.641,5.3659854
5.952,5.952,5.0646772,6.006,6.006,5.434024,5.966,5.966,5.0139766,5.962,5.962,5.851036,6.542,6.542,6.0267916,6.686,6.686,5.0860906,7.17,7.17,5.2860346
6.03,6.03,4.7866235,6.035,6.0349994,5.510919,6.04,6.0399995,4.9931164,6.033,6.0330005,5.7942924,6.587,6.587,6.0657716,6.648,6.6480002,5.1307573,7.233,7.233,5.420104
6.104,6.1040006,5.137274,6.076,6.0760007,5.6588974,6.11,6.11,5.3547745,6.04,6.04,5.8013716,6.577,6.577,5.9721494,6.69,6.6900005,5.3742113,7.33,7.33,5.453329
6.982,6.982,5.9629216,6.955,6.9550004,6.2115374,6.816,6.8159995,5.5773354,6.8,6.8,6.3768945,7.494,7.494,6.623299,7.633,7.633,5.824851,8.046,8.046,6.1980844
8.299,8.299,6.996403,8.405,8.405,7.900558,8.188,8.188,7.123819,8.307,8.307,8.30729,8.847,8.847,8.263042,8.903,8.903,7.2446737,9.409,9.409,7.6380434
16.026,16.026,10.618953,16.479,16.479,10.4011965,16.74,16.74,9.4645195,16.46,16.46,9.961031,18.084,18.084,10.722198,19.561,19.561,10.219951,18.02,18.019999,10.612804
16.263,16.263,9.996704,15.605,15.6050005,9.65083,16.382,16.382002,8.540191,16.283,16.283,9.637662,13.38,13.38,10.270876,14.688,14.688,9.579781,14.785,14.785,10.182471
12.904,12.904,8.752198,12.873,12.873,8.749564,12.959,12.959001,8.122724,12.877,12.877,8.862846,11.915,11.915,9.274102,12.482,12.482,8.681066,13.183,13.183,9.038377
9.954,9.954,7.7429504,9.952,9.952001,7.979266,9.806,9.806002,7.4691834,9.881,9.881,8.321683,9.814,9.814,8.381092,9.869,9.869001,7.766472,10.407,10.407,8.077196
8.28,8.279999,7.1167645,8.308,8.307999,7.3675146,8.346,8.346,6.886826,8.296,8.296,7.6583276,8.198,8.198001,7.8427215,8.378,8.378001,7.3345013,8.722,8.722,7.5127783
7.467,7.4669995,6.7272143,7.481,7.4809995,7.232363,7.484,7.4839993,7.007645,7.42,7.4200006,7.440305,7.87,7.8700004,7.3157644,8.059,8.059,6.9405994,8.563,8.563001,7.291507
7.487,7.4870005,6.8622265,7.536,7.5360003,7.199686,7.509,7.509,6.61404,7.464,7.4639997,7.480135,7.971,7.971,7.397719,7.942,7.942,7.001659,8.571,8.571,7.2647166
7.305,7.305,6.544285,7.31,7.31,7.3098826,7.366,7.3659997,6.738679,7.289,7.2890005,7.739963,7.661,7.6610003,7.6926584,7.654,7.6539993,6.926528,8.369,8.369,7.39125
7.119,7.119001,6.157764,7.094,7.0939994,6.9594016,7.201,7.2010007,6.436065,7.174,7.174,7.517969,7.497,7.497,7.27786,7.47,7.469999,6.6942334,8.268,8.268,6.934136
6.425,6.425,5.576448,6.417,6.417,6.3284807,6.518,6.518,5.7911434,6.488,6.488,6.9364576,6.629,6.629,6.785687,6.973,6.9729996,6.0053706,7.751,7.7510004,6.267172
5.882,5.8820004,5.319267,5.88,5.8799996,6.0523067,5.974,5.974,5.725851,5.974,5.974,6.5943394,6.561,6.561,6.7817826,6.685,6.6850004,5.547964,7.277,7.277,6.042868
6.382,6.382001,5.9318886,6.366,6.366,6.28444,6.504,6.504,5.8713207,6.401,6.4009995,6.901315,6.848,6.848,7.038102,6.854,6.853999,5.8531075,7.672,7.6720004,6.422523
6.802,6.8020005,6.107967,6.898,6.8980002,6.54931,6.846,6.8459997,5.995793,6.808,6.808,6.9395337,7.203,7.2030005,7.306133,7.338,7.338,6.100921,7.951,7.951,6.7263455
6.932,6.932,5.9075813,6.914,6.914,6.671711,6.883,6.883,6.2718983,6.881,6.881,7.1452746,7.263,7.2630005,7.2824807,7.355,7.3550005,6.174646,7.881,7.881001,6.759875
6.944,6.9440002,6.271538,6.998,6.997999,6.4579687,6.99,6.99,5.9994874,7.018,7.017999,7.003455,7.187,7.1870008,7.2310405,7.239,7.2390003,6.0414605,7.721,7.7210007,6.6468897
7.015,7.015,6.54919,7.003,7.0029993,6.764617,6.941,6.941,6.4437065,6.965,6.964999,7.154157,7.344,7.3440003,7.5987067,7.327,7.3269997,6.5394764,8.037,8.037,6.9675965
7.025,7.0250006,6.6926575,7.037,7.037,6.745651,6.969,6.969,6.498744,6.971,6.9710007,7.077604,7.296,7.296,7.2808366,7.503,7.5029993,6.552029,8.018,8.018,6.79887
7.817,7.8169994,7.553722,7.843,7.8429995,7.166704,7.754,7.753999,6.6951165,7.782,7.781999,7.6163974,8.018,8.018,7.9137554,8.082,8.082,7.0890064,8.559,8.559001,7.573546
10.427,10.427,8.157249,10.4,10.400001,8.415989,10.302,10.302,7.712833,10.314,10.314,8.755781,9.68,9.68,9.095459,10.387,10.387,8.095248,10.844,10.844,8.645631
11.997,11.997,8.678255,12.199,12.199001,8.766874,12.046,12.046001,8.009893,12.025,12.025,9.047655,11.33,11.33,9.315262,11.672,11.671999,8.452427,12.13,12.13,9.022584
12.292,12.292,9.477068,12.202,12.202,9.418794,12.261,12.261001,8.404327,12.013,12.013,9.559215,10.715,10.714999,9.921477,11.164,11.164,9.208864,11.763,11.763,9.771968
12.001,12.001,9.578922,11.598,11.598001,9.101747,11.924,11.924,8.655093,11.851,11.851,9.65214,11.743,11.743,9.721573,11.892,11.892001,8.978689,12.479,12.479001,9.748127
11.712,11.712,9.099642,11.754,11.754,8.542654,11.61,11.610001,7.9909925,11.64,11.64,9.278074,11.481,11.481,9.39218,11.736,11.736,8.442441,12.19,12.189999,9.264614
8.943,8.943,7.9687753,8.925,8.925,7.8686204,8.852,8.851999,7.593426,8.847,8.847001,8.369099,9.067,9.067,8.598408,9.06,9.06,7.8994737,9.677,9.677,8.241827
8.024,8.024,7.826498,8.032,8.031999,7.4039702,7.935,7.935,7.3475657,7.964,7.964,8.188664,8.124,8.124,8.162506,8.198,8.198,7.477644,8.849,8.849,7.774595
7.704,7.7039995,7.587293,7.707,7.706999,7.318055,7.726,7.7260003,7.0025396,7.688,7.688,7.836879,8.026,8.026001,8.071136,8.049,8.048999,7.4892406,8.649,8.649,7.7719655
7.594,7.594,6.985616,7.68,7.6799994,7.4951053,7.585,7.585,7.074294,7.582,7.5820003,8.28763,7.784,7.784,8.334491,7.795,7.795,7.3865414,8.486,8.486001,7.798899
7.602,7.602,6.9091344,7.649,7.649,7.1609535,7.602,7.602,6.6783547,7.55,7.549999,8.153887,7.777,7.777,7.9978323,7.729,7.729001,7.0898123,8.411,8.411,7.463184
7.063,7.063,6.72459,7.08,7.08,7.2133546,7.063,7.063,6.6196055,7.088,7.088,7.828423,7.343,7.343001,7.9407,7.448,7.4479995,7.177283,8.157,8.157,7.465992
7.45,7.45,6.152295,7.459,7.4589996,6.5383244,7.382,7.382,6.2128897,7.381,7.3809996,7.2346687,7.594,7.594,7.39971,7.6,7.6,6.095483,8.288,8.288,6.8201637
7.108,7.108,5.988198,7.219,7.219,6.2792315,7.118,7.1179996,5.8464484,7.141,7.141,6.9815826,7.344,7.3440003,7.1877995,7.379,7.3789997,5.756434,8.127,8.127,6.588902
5.664,5.664,5.6150684,5.759,5.7589993,5.944414,5.819,5.819,5.6451225,5.813,5.813,6.650313,6.07,6.07,6.910638,6.269,6.269,5.4912324,7.465,7.465,6.207466
6.78,6.78,5.72075,6.77,6.7700005,5.987641,6.717,6.717,5.4162035,6.696,6.696001,6.621461,6.845,6.845,7.0493526,6.95,6.9500003,5.700283,7.732,7.732,6.072114
6.62,6.62,5.62253,6.61,6.6100006,5.945721,6.566,6.566,5.6011233,6.528,6.528,6.3315945,6.895,6.895,6.640097,6.906,6.906,5.750075,7.651,7.6510005,6.0791426
6.911,6.9110003,6.10803,6.903,6.9030004,6.328719,6.841,6.841,5.844428,6.832,6.832,6.6200576,6.925,6.925,6.89848,6.99,6.9899993,5.964559,7.913,7.9130006,6.466426
10.035,10.035,7.8758864,10.159,10.159,8.006531,10.089,10.089,7.1945267,10.069,10.069,8.128174,10.366,10.366,8.607927,10.45,10.45,7.6922398,10.664,10.664,8.009939
11.9,11.9,8.67581,12.027,12.027001,8.715726,12.057,12.057,7.759164,11.94,11.94,8.58601,12.101,12.101,9.295473,12.394,12.394,8.770479,12.473,12.473,8.76521
9.564,9.564,6.599615,9.378,9.378,6.7333546,9.534,9.534001,6.546785,9.361,9.361,7.09871,9.251,9.251,7.4102206,9.477,9.477,6.751667,10.175,10.175,7.160737
6.615,6.6150002,5.7251267,6.634,6.634,6.1293726,6.734,6.734,5.741491,6.685,6.6849995,6.684266,6.944,6.944,6.6516294,6.962,6.962,5.8413877,8.096,8.096,6.3311634
4.56,4.56,4.4417186,4.532,4.532,5.377194,4.702,4.702,5.006411,4.524,4.524,6.4311595,5.443,5.443,6.326869,5.706,5.706,5.2051086,6.781,6.781,5.2414064
3.385,3.3850002,3.237741,3.325,3.3250003,3.9903271,3.866,3.8659997,3.7875931,3.817,3.817,4.893965,4.193,4.193,4.8619285,4.837,4.837,3.6655345,5.984,5.984,3.8932316
1.309,1.3089999,3.6564128,1.328,1.3279997,4.1066213,1.474,1.4740002,4.0529723,1.309,1.309,5.118447,2.605,2.605,5.114206,2.831,2.831,3.7950056,4.605,4.605,4.3058896
5.68,5.68,4.572287,5.704,5.704,4.8174067,5.69,5.69,4.552794,5.68,5.68,5.758089,5.55,5.55,6.0373726,5.61,5.61,4.32117,6.755,6.755,5.0926933
5.481,5.481,4.5445485,5.573,5.573,4.7952642,5.468,5.468,4.4716744,5.515,5.515,5.5172715,5.671,5.671,5.751498,5.655,5.6549997,4.401331,6.642,6.642,4.551645
7.602,7.602,6.0330987,7.676,7.676,6.4736447,7.624,7.624,5.6732345,7.696,7.6959996,6.8004637,6.985,6.985,7.1656938,7.233,7.233,6.307077,8.372,8.372,6.205089
10.092,10.092,7.465997,10.254,10.254,7.669797,9.952,9.952,6.9007583,10.132,10.132001,7.9204135,10.918,10.918,8.123809,10.983,10.983,7.4402556,11.206,11.205999,7.752973
11.687,11.687001,7.2062497,11.627,11.627001,7.0044417,11.962,11.962,6.441664,12.022,12.022,7.560934,10.193,10.193,7.683665,10.595,10.595001,6.622414,11.412,11.412,7.210864
6.854,6.8540006,6.2625737,6.92,6.92,6.2346196,6.81,6.8099995,6.0001125,6.905,6.905,6.896193,7.443,7.4430003,6.9897103,7.594,7.594001,6.0922093,8.386,8.386,6.1895237
6.458,6.458,5.548631,6.485,6.485,5.984886,6.385,6.3850007,5.3963795,6.404,6.404,6.8104897,6.976,6.976,6.784712,7.259,7.259,5.957151,7.741,7.741,6.042588
5.619,5.6189995,4.676431,5.739,5.7389994,4.8514767,5.63,5.63,4.6439853,5.613,5.613,6.07886,6.234,6.234,5.988218,6.363,6.363,4.658357,7.159,7.159,5.161298
4.746,4.7459993,3.2307494,4.816,4.816,3.5715582,4.744,4.744,3.4487255,4.731,4.731,4.9268026,5.311,5.311,4.9592857,5.509,5.5090003,2.8788953,6.618,6.618,3.8376498
4.39,4.39,3.1636164,4.441,4.4410005,3.569176,4.338,4.338,3.3652582,4.416,4.416,4.5319304,5.029,5.029,4.686838,5.47,5.47,3.0708933,6.099,6.099,3.308059
4.159,4.159,2.9487734,4.172,4.172,3.5033772,4.154,4.154,3.2110007,4.17,4.1700006,4.2562995,4.799,4.799,4.4738054,5.106,5.106,3.193836,6.154,6.154,3.1354303
4.118,4.1179996,3.9837613,4.159,4.159,4.1937895,4.121,4.121,3.9164786,4.224,4.224,4.6818986,4.864,4.864,4.842066,5.343,5.343,4.010579,6.154,6.154,3.9513326
7.708,7.708,5.9441056,7.768,7.7680006,6.2899566,7.838,7.838,5.3900266,7.721,7.7209997,6.687302,9.234,9.234001,6.838821,9.967,9.967,5.717303,9.774,9.774,5.8937726
11.686,11.686,6.77995,10.98,10.979999,6.8557057,11.989,11.989001,5.9736695,11.795,11.795,7.1855526,11.291,11.291,7.351818,11.46,11.46,6.5403023,12.405,12.405,6.5283484
8.053,8.053,5.483129,7.846,7.846,5.494929,8.043,8.042999,5.0396852,7.913,7.9129996,6.1281886,8.843,8.843,6.2100663,8.852,8.852,5.3412666,9.103,9.103,5.2710342
5.448,5.448,4.7875495,5.57,5.57,4.726146,5.518,5.5180006,4.563777,5.441,5.4409995,5.5225434,6.269,6.269,5.4916177,6.674,6.674,4.706925,6.312,6.312,4.7980204
4.691,4.6909995,3.4599419,4.762,4.762,4.0828443,4.667,4.6669993,3.8387136,4.775,4.775,5.3877296,5.396,5.396,5.2249084,5.893,5.893,3.7428036,5.364,5.364,4.0643463
3.906,3.906,5.0403733,3.892,3.892,4.3221827,3.94,3.94,3.9115136,3.87,3.87,5.8194323,4.725,4.725,5.5582333,5.237,5.237,5.4494925,4.824,4.824,3.861241
4.028,4.028,5.1197433,4.104,4.104,3.944836,4.099,4.099,2.6826077,4.066,4.066,4.5450087,4.699,4.699,4.69114,5.248,5.248,6.2127748,4.699,4.6990004,3.2744334
3.94,3.94,4.9613485,4.014,4.0139995,3.5901883,4.019,4.0189996,2.6547053,3.942,3.9420004,4.17994,4.483,4.483,4.2251363,4.683,4.683,5.8650203,5.224,5.224,2.9777544
3.62,3.6200001,4.388527,3.587,3.587,2.870453,3.768,3.768,2.057279,3.356,3.3560002,3.5752032,4.059,4.059,3.5472178,4.48,4.4799995,5.143309,4.993,4.993,2.2447693
4.733,4.733,5.980768,4.778,4.778,4.898856,4.867,4.8669996,3.2778869,4.611,4.611,5.5412483,4.867,4.8670006,5.3275065,5.213,5.213,7.1533294,5.687,5.687,3.8157165
9.891,9.891,8.653974,9.961,9.961001,8.105596,9.949,9.949,6.7292995,9.595,9.595,8.52805,10.841,10.841,8.11889,11.784,11.784,9.725752,10.905,10.905,6.68051
9.677,9.677,7.980235,10.02,10.020001,7.024258,9.987,9.987,6.030708,9.632,9.632,7.616851,11.579,11.579,7.4955153,12.408,12.408,8.971665,11.842,11.842,6.2259884
5.399,5.399,5.8200536,5.468,5.4680004,4.542261,5.549,5.549,3.8163035,5.501,5.5010004,5.445426,6.572,6.572,5.4805927,7.088,7.088,6.579968,6.772,6.772,3.864059
4.496,4.4960003,5.688279,4.532,4.532,3.919725,4.66,4.66,2.52616,4.509,4.5089993,4.7783093,5.348,5.348,4.541321,5.598,5.598,6.4231086,5.457,5.457,3.1229208
3.243,3.2429998,4.772963,3.317,3.3169997,3.085002,3.365,3.365,2.209705,3.333,3.3330004,4.3835683,4.076,4.076,4.206066,4.897,4.897,5.6585445,4.267,4.267,2.4318712
2.602,2.6020005,3.286158,2.638,2.6379998,1.960307,2.577,2.5769997,0.934303,2.612,2.6120002,2.8899767,3.553,3.5530002,2.8236935,4.038,4.038,4.261515,3.656,3.656,1.5049471
1.869,1.869,2.7825432,1.853,1.853,1.0961969,2.024,2.024,0.48423105,1.936,1.9359999,2.3131526,2.843,2.8430002,2.3973718,3.551,3.551,3.5136657,3.171,3.1710002,0.8166504
1.749,1.7489997,2.5479028,1.769,1.7689998,0.56427914,1.845,1.8450003,-0.2501976,1.801,1.801,1.6697248,2.8,2.8,2.0355809,3.507,3.5069997,3.2812994,2.986,2.9860003,0.11661166
1.391,1.3909998,3.2798305,1.361,1.3610001,1.3969058,1.5,1.5,0.7165585,1.318,1.3180001,2.3840783,2.398,2.3980002,2.5696945,3.007,3.007,4.055127,2.563,2.5630004,0.58502036
4.707,4.707,5.696937,4.725,4.725,4.809979,4.955,4.955,3.6889186,4.527,4.5270004,5.5273566,5.901,5.901,5.198226,6.857,6.857,6.6950326,6.104,6.104,3.6524665
9.45,9.45,7.611028,9.672,9.672001,7.2065654,9.831,9.831,5.949521,9.188,9.188001,7.4915442,11.1,11.1,6.9938335,11.901,11.901,8.590019,11.312,11.312001,5.824118
8.35,8.349999,6.083327,8.489,8.489,4.9126124,8.587,8.587,3.826015,8.215,8.215,5.780738,9.735,9.735,5.927305,10.247,10.247,7.0093956,10.998,10.998,4.095522
4.441,4.4409995,5.0040236,4.548,4.548,3.4650166,4.574,4.574,2.7823308,4.436,4.436,4.643297,4.347,4.347,5.1345377,4.356,4.3560004,6.071558,5.507,5.507,2.9288182
4.03,4.03,4.8851995,4.126,4.126,3.962584,4.107,4.1069994,3.18279,4.072,4.072,5.4938183,4.077,4.077,5.5314236,4.092,4.092,6.4869227,5.074,5.0740004,3.5297737
3.899,3.899,4.206262,3.989,3.9890003,3.4644258,3.984,3.984,2.5089495,3.82,3.82,4.7877774,3.766,3.7660003,4.840513,3.781,3.7809997,5.3436823,4.832,4.832,2.7917798
4.015,4.015,4.0482807,4.153,4.153,3.7953327,4.035,4.0350003,1.8515745,4.05,4.05,3.697992,3.76,3.76,3.4648316,3.774,3.774,5.107219,4.838,4.838,2.2802541
3.92,3.92,3.9543765,4.015,4.015,3.7500877,4.032,4.0320005,1.4978107,3.981,3.9810004,3.290148,3.878,3.878,2.9883585,3.906,3.9060001,5.2545667,4.945,4.945,1.9290158
3.907,3.907,4.488042,3.933,3.9329998,4.2145567,3.938,3.9380002,2.1969814,3.969,3.9689999,3.8103907,4.389,4.389,3.239668,4.636,4.636,5.84233,5.037,5.037,2.3793292
5.227,5.227,6.489557,5.245,5.245,6.569773,5.338,5.338,4.232258,5.134,5.134,6.209653,5.808,5.808,5.3207364,6.245,6.245,7.48442,6.072,6.072,4.357338
7.124,7.123999,8.155058,7.834,7.834,8.324374,7.264,7.2640004,6.2278004,8.434,8.434,7.863521,9.407,9.407,6.9253917,10.187,10.187,8.913224,9.514,9.514,6.0104647
9.52,9.52,8.67964,9.806,9.806,9.186443,9.438,9.438,6.677844,9.521,9.521,8.593863,10.101,10.101,7.670454,10.612,10.612,9.930312,10.64,10.64,6.6626573
7.122,7.122,7.4537396,7.17,7.17,7.6271677,7.281,7.2810006,5.5822806,7.237,7.2369995,7.2456574,7.163,7.163001,6.3911777,7.785,7.7850003,9.012987,7.519,7.519,5.504912
6.064,6.0640006,7.514691,6.083,6.0830007,7.571281,6.129,6.129,4.854805,6.073,6.073,6.9745445,6.769,6.769,6.0178485,7.053,7.053,8.515475,6.908,6.908,5.088069
5.963,5.963,7.2361627,6.017,6.017001,7.681916,6.022,6.0220003,5.083627,5.955,5.955,7.2514133,6.232,6.232,6.619885,6.58,6.58,8.503111,6.472,6.472,5.2428875
6.302,6.3020005,7.6749926,6.317,6.3170004,7.864559,6.358,6.358,5.451027,6.302,6.3019996,7.1641183,6.509,6.509,6.782621,6.718,6.7179995,8.861623,6.671,6.671,5.6217427
6.84,6.84,7.6521773,6.837,6.837,7.7898965,6.92,6.92,5.8069673,6.884,6.884,7.0446687,6.804,6.804,6.364038,6.93,6.9300003,8.901612,7.096,7.096,5.7824507
6.748,6.748,7.215308,6.751,6.751,7.3945465,6.78,6.78,5.6434274,6.759,6.759,6.6771727,6.742,6.742,6.061805,6.881,6.881,8.385848,7.012,7.012,5.2339516
6.056,6.056,7.1788273,6.067,6.0669994,7.3358784,6.091,6.091,5.251287,6.033,6.0330005,6.5808845,6.61,6.61,5.9652324,6.791,6.791,8.597338,6.737,6.737,4.7802925
7.357,7.357,8.782844,7.357,7.357,9.252092,7.618,7.6179996,6.6664124,7.512,7.5119996,8.441193,6.745,6.745,7.717961,7.318,7.318,10.044154,7.171,7.171,6.6850357
7.582,7.582,8.863542,7.539,7.5390005,9.341831,7.928,7.9279995,6.963224,7.624,7.624001,8.766045,8.411,8.411001,7.934837,9.111,9.111001,10.124287,8.593,8.593001,6.8074174
7.539,7.5390005,5.72572,7.561,7.561001,5.6757135,7.84,7.8400006,2.8803089,7.571,7.571001,4.831123,7.882,7.8820004,4.3216443,8.274,8.274001,6.5607023,8.493,8.493,3.2984798
