,Unnamed: 0.5,Unnamed: 0.4,Unnamed: 0.3,Unnamed: 0.2,Unnamed: 0.1,Unnamed: 0,target_1,y_test_1,predicted_1,target_2,y_test_2,predicted_2,target_3,y_test_3,predicted_3,target_4,y_test_4,predicted_4,target_5,y_test_5,predicted_5,target_6,y_test_6,predicted_6,target_7,y_test_7,predicted_7
0,0,0,0,0,0,0,6.104,6.1040006,16.768866,0.793,0.79299986,10.902135,13.029,13.029001,17.54178,29.538,29.538,27.42307,7.999,7.999001,13.928702,2.725,2.725,21.611685,18.548,18.547998,16.55589
1,1,1,1,1,1,1,21.719,21.719,18.963526,18.759,18.759,16.204512,23.172,23.172,16.858044,19.139,19.139002,15.365732,17.909,17.909,16.68592,24.407,24.407,15.008766,19.01,19.01,19.977839
2,2,2,2,2,2,2,16.833,16.833,14.564696,15.682,15.682001,16.998652,16.964,16.964,16.816572,11.16,11.16,11.868151,22.573,22.573,20.864977,15.04,15.04,14.101742,11.406,11.405999,19.691093
3,3,3,3,3,3,3,27.682,27.681997,26.734518,23.978,23.978,17.265495,20.245,20.245,13.100932,27.788,27.788002,18.036158,12.04,12.04,15.142313,25.648,25.648,22.593115,23.379,23.379,19.857132
4,4,4,4,4,4,4,3.429,3.429,15.600165,2.418,2.4179997,12.413003,11.501,11.501001,11.199395,14.589,14.589,14.830001,14.122,14.122,19.88457,7.785,7.7850003,16.771576,8.271,8.271001,16.566948
5,5,5,5,5,5,5,19.029,19.029,23.624704,12.562,12.562001,16.76525,7.088,7.088001,10.026742,15.792,15.792,18.74817,14.093,14.093,14.3995905,10.629,10.629,17.682526,3.266,3.2660003,15.016038
6,6,6,6,6,6,6,9.358,9.358,11.115606,19.857,19.857,16.082441,15.136,15.136001,17.612793,18.643,18.642998,19.905098,30.007,30.007,15.641361,7.949,7.949,13.555327,18.54,18.539999,15.628081
7,7,7,7,7,7,7,19.945,19.944998,14.540064,14.454,14.454001,20.790056,16.283,16.283,16.418158,16.798,16.798,22.672426,5.586,5.586,12.182471,7.884,7.8839993,7.133725,22.446,22.445997,17.935707
8,8,8,8,8,8,8,26.832,26.832,17.193775,5.573,5.573,17.967081,12.758,12.758001,13.903098,29.784,29.784,21.459188,27.557,27.557,15.174498,29.663,29.663,20.857065,16.641,16.641,16.51738
9,9,9,9,9,9,9,18.727,18.726997,18.179014,24.989,24.989,26.912437,14.647,14.647001,15.945387,21.228,21.228,19.169754,17.22,17.22,18.689787,28.656,28.656,22.243147,19.85,19.85,19.45021
10,10,10,10,10,10,10,16.634,16.634,17.545868,18.872,18.872,16.921814,6.796,6.796,7.8945446,19.566,19.566,18.480118,26.919,26.919,21.870935,20.222,20.222,18.479727,29.014,29.014,20.22685
11,11,11,11,11,11,11,18.157,18.157,18.004053,27.496,27.496,23.992138,22.097,22.097,16.734207,20.658,20.658,19.864904,10.693,10.693,11.055299,26.161,26.161,17.284876,15.961,15.9609995,19.997036
12,12,12,12,12,12,12,14.578,14.578,17.289837,18.71,18.71,20.202892,18.38,18.380001,20.60619,13.901,13.901,13.849201,16.079,16.079,8.96449,18.744,18.744003,17.441488,19.671,19.671,17.533785
13,13,13,13,13,13,13,21.457,21.457,18.430492,17.107,17.107002,18.201616,14.602,14.602,12.23229,15.971,15.971,15.047411,15.167,15.167,24.432354,10.01,10.01,13.125751,23.361,23.361002,21.45832
14,14,14,14,14,14,14,14.74,14.74,18.581097,7.611,7.611,18.362408,25.585,25.585,14.594908,24.285,24.285,17.004124,9.172,9.172,15.790119,15.031,15.031001,16.780182,23.03,23.03,18.205475
15,15,15,15,15,15,15,12.96,12.96,20.008484,30.64,30.64,24.978382,7.635,7.6349998,12.80364,10.812,10.812,7.70328,12.812,12.812,22.424988,15.527,15.527,16.85473,15.293,15.293,13.854507
16,16,16,16,16,16,16,17.292,17.292,16.12121,13.494,13.494,16.840311,19.628,19.628,17.877441,17.906,17.906002,18.112507,27.682,27.682,20.832928,11.291,11.291,15.683485,19.219,19.219,15.847887
17,17,17,17,17,17,17,19.759,19.758999,18.981186,24.962,24.962,19.043472,30.411,30.411,14.277765,30.178,30.178,23.239145,18.904,18.904,21.113703,18.442,18.442001,13.991425,14.361,14.361,14.159387
18,18,18,18,18,18,18,13.651,13.651,16.587292,27.514,27.514,16.745825,14.075,14.075001,16.791685,34.73,34.73,21.690622,20.207,20.206999,11.729451,13.499,13.499,23.676449,19.219,19.219,16.016823
19,19,19,19,19,19,19,15.807,15.806998,15.524986,26.668,26.668,18.363422,28.009,28.008999,14.77328,14.107,14.107,17.221428,21.628,21.628,18.918566,5.962,5.962,18.297476,20.543,20.542997,22.729559
20,20,20,20,20,20,20,11.869,11.869,12.874757,14.331,14.331,13.727908,17.868,17.868002,17.278595,23.817,23.816998,17.452074,13.431,13.431,16.642033,7.086,7.086,12.10108,15.828,15.828,15.51363
21,21,21,21,21,21,21,22.396,22.395998,18.062803,15.275,15.275001,24.33853,28.408,28.408,22.880058,14.095,14.095,16.675278,17.968,17.968,13.681738,13.892,13.892,17.529076,14.544,14.544,13.195367
22,22,22,22,22,22,22,6.62,6.62,14.398726,16.86,16.86,20.345497,6.498,6.498,19.554972,25.58,25.58,17.10196,9.601,9.601,19.314383,7.381,7.3809996,18.134071,8.35,8.35,18.453964
23,23,23,23,23,23,23,10.288,10.288,11.278942,25.11,25.11,14.60529,32.478,32.478,21.988424,19.197,19.196999,19.927782,16.839,16.838999,11.245405,8.716,8.715999,16.337772,17.033,17.033,16.65775
24,24,24,24,24,24,24,15.7,15.699998,14.002901,21.884,21.884,18.54439,19.451,19.451002,18.493412,12.201,12.201,16.355495,27.198,27.198,13.192449,22.925,22.925003,17.699474,17.393,17.393,11.430615
25,25,25,25,25,25,25,14.587,14.587,18.91342,15.337,15.337001,15.983326,17.926,17.926,16.431828,13.889,13.889001,22.57783,22.573,22.573,17.601664,11.187,11.187,14.240395,29.745,29.744999,12.528049
26,26,26,26,26,26,26,5.063,5.063,17.17892,29.875,29.875,25.965723,6.267,6.267,18.148159,9.949,9.949,15.016239,29.967,29.967,17.058086,17.034,17.034002,20.68992,10.844,10.844,15.297376
27,27,27,27,27,27,27,3.317,3.317,13.822642,12.402,12.402001,16.02829,12.175,12.175002,18.814552,10.844,10.844,11.63238,4.799,4.799,28.743998,14.581,14.581,20.370687,19.765,19.765,18.922112
28,28,28,28,28,28,28,13.166,13.166,12.929253,6.786,6.7859993,11.825027,30.104,30.104,19.732481,14.498,14.498,16.889822,28.493,28.493,18.151926,29.14,29.14,23.616491,31.499,31.499,18.445576
29,29,29,29,29,29,29,19.476,19.476,23.401546,17.564,17.564,20.167122,15.915,15.915,18.016645,28.886,28.886,12.347303,16.88,16.88,12.737287,31.157,31.157001,20.682962,13.882,13.882,16.21198
30,30,30,30,30,30,30,27.41,27.41,13.349507,18.885,18.885,17.48309,16.698,16.698,17.897926,6.072,6.0720005,9.339691,15.795,15.794999,15.548222,27.069,27.069,14.21943,18.282,18.282,22.09348
31,31,31,31,31,31,31,6.864,6.864,18.718859,18.909,18.909,20.32551,11.745,11.745,10.058186,12.915,12.915,12.678194,25.933,25.932999,19.44453,13.224,13.223999,15.815413,12.595,12.595,20.098923
32,32,32,32,32,32,32,15.979,15.979001,24.581007,4.015,4.015,12.105374,27.431,27.431,15.679645,8.695,8.694999,15.388982,14.523,14.523,15.336206,30.43,30.43,17.894444,8.372,8.372,15.518208
33,33,33,33,33,33,33,14.432,14.432,15.860794,28.208,28.208002,25.39682,28.365,28.364998,17.714523,28.819,28.819002,16.209717,30.421,30.421,17.467127,14.679,14.679,17.43016,14.593,14.593,13.419413
34,34,34,34,34,34,34,17.883,17.882998,22.508507,6.92,6.92,23.75946,12.603,12.602999,14.619428,11.859,11.859001,16.909824,11.628,11.628,17.95195,5.152,5.152,15.38228,22.772,22.772,19.965237
35,35,35,35,35,35,35,12.437,12.437,13.864014,22.19,22.19,17.841747,30.118,30.117998,18.681068,4.13,4.13,22.093353,27.219,27.219,14.0224905,6.108,6.108,14.547574,12.358,12.357999,10.445584
36,36,36,36,36,36,36,7.704,7.7039995,13.918123,12.355,12.355,13.354991,14.987,14.987,14.700542,27.608,27.608,18.416208,27.106,27.106,10.688032,27.072,27.072002,18.593098,1.557,1.557,15.821182
37,37,37,37,37,37,37,13.397,13.397,16.86265,21.154,21.154,21.074682,15.3,15.300002,15.514683,17.916,17.916002,16.930511,22.456,22.456,17.323503,11.567,11.567,14.500134,14.972,14.972,14.534567
38,38,38,38,38,38,38,9.227,9.227001,18.319416,29.011,29.011,14.903464,9.705,9.705,16.68297,16.976,16.975998,13.496518,17.515,17.515,17.388527,8.559,8.558999,8.995823,15.045,15.045,18.658617
39,39,39,39,39,39,39,15.376,15.376,16.10436,19.215,19.215,14.483336,16.789,16.789,15.962409,14.179,14.179001,9.91668,28.706,28.706,18.105371,9.364,9.364,15.288089,22.051,22.051,13.420718
40,40,40,40,40,40,40,8.501,8.501,11.486919,17.846,17.846003,16.237091,14.009,14.009,18.109148,24.026,24.026,15.691398,24.457,24.457,19.217207,11.286,11.286001,14.969781,15.237,15.237,24.97568
41,41,41,41,41,41,41,8.433,8.433001,16.81614,17.559,17.559,20.728994,9.29,9.290001,11.569987,28.759,28.759,18.243702,29.457,29.457,14.974927,22.033,22.033003,16.452517,16.863,16.863,14.359944
42,42,42,42,42,42,42,21.99,21.989996,22.559422,21.248,21.248,17.708145,31.341,31.341,24.361404,17.79,17.79,11.81616,30.672,30.672,16.489677,3.165,3.165,10.444717,29.443,29.443,24.90983
43,43,43,43,43,43,43,28.109,28.109,16.268097,24.853,24.853,20.42805,14.592,14.592001,13.249198,20.433,20.433,21.043728,21.551,21.550999,14.844007,9.108,9.107999,13.913753,8.747,8.747001,11.505662
44,44,44,44,44,44,44,10.148,10.148,15.303019,16.595,16.595,18.18728,32.794,32.794,12.905243,21.966,21.965998,19.016327,19.972,19.972,19.169992,28.866,28.866,18.722397,7.302,7.302,15.528272
45,45,45,45,45,45,45,17.376,17.376,16.561712,1.013,1.013,18.036116,14.433,14.433,13.127339,18.418,18.418,15.327169,27.138,27.138,13.41931,9.464,9.464,16.996172,13.362,13.362,13.461809
46,46,46,46,46,46,46,22.209,22.208998,20.603607,18.311,18.311,20.546408,7.333,7.333,22.728928,20.178,20.178,11.920113,15.336,15.336,26.628769,13.542,13.542,17.234255,28.187,28.187,16.975153
47,47,47,47,47,47,47,16.978,16.978,14.777459,18.968,18.968,20.159533,21.321,21.321,16.427734,25.864,25.864,22.246012,28.346,28.346,15.327894,20.292,20.292002,14.423036,14.949,14.948999,16.426664
48,48,48,48,48,48,48,16.289,16.289,23.854227,28.334,28.334,14.958308,25.478,25.478,19.477888,31.437,31.437,25.271914,14.116,14.116,11.295163,23.025,23.025003,21.866436,18.576,18.575998,18.636702
49,49,49,49,49,49,49,21.0,20.999998,17.030216,16.743,16.743,18.546474,7.569,7.569,15.650186,17.803,17.803001,9.935413,7.876,7.876,26.67159,29.393,29.393,19.554087,20.323,20.323,21.890894
50,50,50,50,50,50,50,12.121,12.121,10.675103,17.901,17.901001,17.496744,22.523,22.523,17.489677,17.66,17.66,18.37221,6.116,6.116,13.065298,24.7,24.7,22.983658,18.408,18.408,15.862612
51,51,51,51,51,51,51,29.598,29.597998,15.48692,13.395,13.395002,19.094051,26.533,26.533,17.893454,22.046,22.046,21.904322,14.059,14.058999,14.286803,12.214,12.214,12.891316,18.084,18.083998,13.326355
52,52,52,52,52,52,52,15.291,15.291,15.496988,0.785,0.78499985,14.5761595,15.64,15.64,18.164402,9.758,9.758,12.745479,20.013,20.013,18.156948,5.891,5.891,18.941776,23.732,23.731998,14.630241
53,53,53,53,53,53,53,19.108,19.108,19.090584,20.845,20.845,4.507701,20.591,20.591,22.535166,14.995,14.995,15.977926,21.728,21.728,10.07728,14.856,14.856,19.624996,19.372,19.372,18.555115
54,54,54,54,54,54,54,1.552,1.5519998,14.56197,17.262,17.262,16.57431,14.509,14.509,15.641484,19.902,19.902,17.473534,17.506,17.506002,13.931326,16.487,16.487,14.937334,18.084,18.083998,19.906874
55,55,55,55,55,55,55,18.091,18.091,23.808455,29.154,29.154,21.767612,-0.777,-0.77699995,9.347836,15.079,15.079,12.846458,11.856,11.856,9.1066675,17.871,17.871002,26.88142,16.357,16.357,21.403698
56,56,56,56,56,56,56,10.473,10.473,14.391914,3.669,3.669,9.206422,18.946,18.946,14.277047,7.55,7.549999,17.058144,17.9,17.9,21.491106,11.502,11.501999,14.517739,12.921,12.921,17.81314
57,57,57,57,57,57,57,6.679,6.679,13.404429,19.359,19.359001,20.012726,17.882,17.882,15.12813,10.846,10.846,14.09939,23.49,23.49,19.307775,26.23,26.230001,18.167963,20.708,20.708,20.15915
58,58,58,58,58,58,58,6.78,6.78,21.40335,7.219,7.219,16.796822,6.252,6.252,7.4780564,13.177,13.177,13.622866,6.815,6.815,16.481007,31.117,31.117002,15.946637,16.606,16.606,14.895617
59,59,59,59,59,59,59,25.501,25.500998,21.498287,6.096,6.096,18.65737,21.409,21.409,16.315542,23.216,23.216,16.62319,26.662,26.662,17.436975,16.211,16.211,16.760044,16.323,16.323,12.8756075
60,60,60,60,60,60,60,14.131,14.131,15.362196,29.538,29.538002,24.307936,26.315,26.315002,17.912983,16.588,16.587997,17.000195,8.529,8.529001,13.022464,13.663,13.663,16.433647,16.549,16.549,21.69586
61,61,61,61,61,61,61,16.585,16.585,16.840061,23.504,23.504,19.703203,15.006,15.0060005,15.913133,6.729,6.7290006,11.900348,14.822,14.822,15.210758,23.454,23.454002,15.24293,22.642,22.642,17.882387
62,62,62,62,62,62,62,8.381,8.381,14.987788,6.568,6.5680003,14.1907,6.748,6.748,19.357798,9.415,9.415,8.362679,28.959,28.959,23.979818,9.342,9.342,14.998686,30.493,30.493,20.800732
63,63,63,63,63,63,63,25.981,25.980999,24.028278,22.883,22.883,16.512157,7.063,7.063,12.630364,22.511,22.511002,19.298069,2.175,2.175,26.994404,16.102,16.102,15.914962,4.299,4.299,15.943363
64,64,64,64,64,64,64,15.285,15.284999,11.345215,16.534,16.534,14.962941,9.731,9.731001,10.266747,28.094,28.094,23.042805,26.576,26.576,22.784237,14.686,14.686,12.716178,12.121,12.121,13.664727
65,65,65,65,65,65,65,23.939,23.938997,19.92644,17.046,17.046,17.900187,11.023,11.023001,15.130042,27.804,27.804,19.31348,16.436,16.436,13.7104845,31.082,31.082005,14.312918,11.915,11.915,17.789421
66,66,66,66,66,66,66,11.529,11.529001,15.713856,26.562,26.562,24.637314,20.295,20.295,20.854645,18.265,18.264997,16.45516,26.871,26.871,14.387312,17.211,17.210999,20.39445,24.531,24.530998,16.67812
67,67,67,67,67,67,67,18.869,18.869,8.553267,16.5,16.500002,16.106108,14.512,14.512001,14.548145,32.709,32.709,18.21224,11.388,11.388,14.054368,17.306,17.306,17.641394,14.868,14.868,16.723286
68,68,68,68,68,68,68,4.221,4.221,9.301755,10.852,10.852001,16.692118,14.915,14.914999,15.460981,13.864,13.864,13.990039,17.623,17.623,17.203117,27.839,27.839003,12.117239,16.326,16.326,21.185944
69,69,69,69,69,69,69,27.012,27.012001,24.673637,21.891,21.891,17.317766,17.977,17.977,16.135683,16.099,16.099,13.7884865,15.42,15.42,15.03887,18.041,18.041002,14.195614,6.69,6.69,8.340053
70,70,70,70,70,70,70,12.435,12.435,15.274672,16.359,16.359001,20.530201,21.504,21.504,19.304491,6.55,6.55,17.821657,-1.1,-1.1,13.673582,24.483,24.483,24.662493,19.158,19.157999,19.659882
71,71,71,71,71,71,71,18.61,18.61,18.162514,19.417,19.417,15.583084,3.163,3.163,13.818058,12.888,12.888,16.609636,18.665,18.665,12.85529,18.675,18.675001,18.684145,12.895,12.895,13.989501
72,72,72,72,72,72,72,25.703,25.702997,20.753504,14.601,14.601001,15.675693,21.598,21.598001,21.41722,23.908,23.908,14.720745,16.576,16.576,15.593327,17.836,17.836,21.10229,16.83,16.83,16.260674
73,73,73,73,73,73,73,19.998,19.998,22.960295,7.999,7.999,16.619015,3.814,3.8140001,8.149107,30.498,30.498,15.530929,15.457,15.457001,13.217293,20.03,20.030005,17.638039,9.401,9.401,19.830975
74,74,74,74,74,74,74,18.383,18.382998,16.623846,6.054,6.054,21.641613,14.56,14.56,10.796736,27.805,27.804998,17.912413,10.139,10.139,15.416831,14.164,14.164,12.526298,21.075,21.075,16.51766
75,75,75,75,75,75,75,19.248,19.247995,15.065369,26.562,26.562,19.128637,18.839,18.839,13.921601,18.2,18.2,14.126491,21.575,21.575,24.785574,27.557,27.557,22.20478,16.603,16.603,20.016376
76,76,76,76,76,76,76,21.701,21.700996,18.861229,5.703,5.703,21.806795,12.791,12.791002,12.797509,15.209,15.209,14.388906,28.338,28.338,27.907743,8.196,8.196,13.022,5.507,5.507,15.405239
77,77,77,77,77,77,77,9.731,9.730999,21.332228,9.412,9.412,15.460214,15.146,15.146,15.166262,23.793,23.793,17.371729,23.982,23.982,11.708312,15.052,15.052,14.540292,22.823,22.823,22.78167
78,78,78,78,78,78,78,18.583,18.583,15.78806,5.247,5.247,16.900108,26.752,26.752,18.72665,20.72,20.72,12.456028,14.447,14.447,13.792826,13.029,13.029,18.705894,21.142,21.142,18.041458
79,79,79,79,79,79,79,8.249,8.249001,16.014267,13.607,13.607,15.057736,13.282,13.282001,21.385775,23.336,23.336,17.064138,12.426,12.426,14.347544,19.967,19.967001,18.18644,18.831,18.831,21.40786
80,80,80,80,80,80,80,10.98,10.98,11.841421,29.36,29.36,17.784893,23.911,23.911,15.0213585,16.184,16.184,14.320309,4.045,4.045,16.047941,11.901,11.901,11.483525,14.408,14.408,17.020576
81,81,81,81,81,81,81,5.534,5.534,8.848457,9.871,9.871,15.466328,8.694,8.694,12.263701,15.007,15.007,17.674032,17.522,17.522,19.70392,9.657,9.657,13.474836,4.731,4.731,15.969279
82,82,82,82,82,82,82,6.783,6.7829995,18.551302,26.897,26.897,12.902135,0.958,0.9579999,9.887166,25.346,25.346,14.496821,14.789,14.789,19.970213,20.147,20.147,16.034275,20.009,20.009,16.972708
83,83,83,83,83,83,83,17.077,17.077,17.474918,20.436,20.436,18.550692,11.374,11.374001,18.179852,11.346,11.346,14.023718,17.95,17.95,15.938393,15.718,15.718,17.867996,7.113,7.113,15.21321
84,84,84,84,84,84,84,14.408,14.408,15.684795,24.742,24.742,18.323956,28.835,28.834997,11.697821,19.973,19.973,18.597656,7.553,7.5530005,18.001425,19.481,19.481003,14.978109,17.235,17.235,17.941881
85,85,85,85,85,85,85,10.876,10.876,12.045234,8.601,8.601,22.066847,18.666,18.666,15.38301,27.544,27.544,24.034313,23.453,23.453,12.683606,13.221,13.221,13.978743,24.508,24.508,17.959684
86,86,86,86,86,86,86,18.598,18.597998,16.362896,29.991,29.991,21.689201,25.77,25.77,14.293113,27.544,27.544,18.686981,17.051,17.050999,12.002818,27.567,27.567001,24.111273,17.788,17.788,16.770828
87,87,87,87,87,87,87,26.408,26.408,17.349798,10.98,10.979999,11.966354,17.109,17.109,20.134672,13.548,13.548,17.43821,25.039,25.039,20.354696,14.357,14.357,16.448381,14.541,14.541,17.236277
88,88,88,88,88,88,88,20.479,20.479,15.683713,16.572,16.572002,16.515766,19.769,19.768997,15.809083,7.165,7.165,10.672422,20.554,20.554,20.727161,28.324,28.324,26.273512,12.772,12.772,13.043619
89,89,89,89,89,89,89,16.74,16.74,17.614515,30.0,30.0,18.986567,12.932,12.932001,17.521162,17.968,17.968,14.262214,29.168,29.168,23.427652,29.945,29.945,17.008846,12.245,12.245,13.385277
90,90,90,90,90,90,90,14.143,14.143,15.224203,1.588,1.5879998,13.083954,19.481,19.481,17.854752,23.484,23.484,15.120122,7.044,7.044,13.155719,32.179,32.179,17.546978,14.683,14.683,11.273739
91,91,91,91,91,91,91,6.72,6.72,24.832108,23.127,23.127003,15.673874,19.61,19.61,19.854368,21.415,21.414999,26.712376,21.285,21.285,23.22306,22.57,22.570002,20.205715,14.035,14.035,17.715733
92,92,92,92,92,92,92,24.042,24.041996,21.31819,13.786,13.786001,17.343079,16.607,16.607,23.295155,3.29,3.29,13.12462,19.187,19.187,20.531733,23.178,23.178003,20.774092,18.12,18.12,16.73392
93,93,93,93,93,93,93,16.872,16.872,16.19892,19.725,19.725,16.464611,11.61,11.610001,3.4680514,18.539,18.539001,17.389812,20.731,20.731,16.118612,29.141,29.141,22.226208,13.532,13.532,16.814936
94,94,94,94,94,94,94,21.837,21.836998,18.28232,29.103,29.103,20.95003,-1.358,-1.358,16.148521,4.146,4.146,16.162722,8.099,8.099001,12.991036,17.867,17.867,16.50162,9.557,9.557,15.000203
95,95,95,95,95,95,95,10.875,10.875,16.772,24.445,24.445,18.301222,29.795,29.795,25.740154,13.544,13.544,13.923183,29.402,29.402,19.633564,31.384,31.384,15.488972,25.498,25.498,20.90651
96,96,96,96,96,96,96,14.903,14.903001,18.852316,29.313,29.313,15.471818,11.266,11.266,23.77062,17.617,17.617,15.698585,16.164,16.164,18.843237,14.387,14.387,16.281595,28.645,28.645,23.869827
97,97,97,97,97,97,97,1.537,1.5370001,15.931322,23.502,23.502,20.078012,4.032,4.0320005,10.612672,13.846,13.846,11.711406,17.005,17.005,21.941895,26.686,26.686003,24.14746,10.473,10.473,12.2898655
98,98,98,98,98,98,98,4.691,4.6909995,22.782228,13.709,13.709001,17.043129,18.711,18.711,22.524977,14.453,14.453,13.700206,26.096,26.096,16.883598,20.305,20.305002,16.298925,4.845,4.845,11.46343
99,99,99,99,99,99,99,3.385,3.3850002,15.35589,8.717,8.717,8.514676,29.374,29.374,12.107087,11.005,11.005,11.3607855,18.574,18.574,14.45449,22.449,22.449001,16.149261,10.358,10.358,12.143645
100,100,100,100,100,100,100,6.615,6.6150002,15.316584,21.848,21.848,19.053291,15.912,15.912,13.438725,10.331,10.331,17.208338,10.127,10.127,17.773571,25.416,25.416,23.307516,30.304,30.304,19.005232
101,101,101,101,101,101,101,11.052,11.052,17.78113,15.5,15.500001,19.522243,6.075,6.0749993,15.227006,9.117,9.117,12.751664,10.721,10.721,10.703004,17.446,17.446,15.907457,7.707,7.707,19.280602
102,102,102,102,102,102,102,29.535,29.535,17.109795,16.502,16.502,16.936783,15.728,15.728002,13.761945,27.084,27.084,20.442045,14.294,14.294,17.182846,11.904,11.904,26.01625,23.327,23.327,24.152857
103,103,103,103,103,103,103,20.223,20.222996,20.838896,10.316,10.316,13.251516,9.891,9.891001,17.437616,15.381,15.381,13.743972,25.407,25.407,14.355014,10.361,10.361,14.430615,15.502,15.501999,12.521992
104,104,104,104,104,104,104,27.644,27.644001,24.218035,12.859,12.859001,12.638197,9.254,9.254001,17.703983,17.791,17.791,12.420699,17.228,17.227999,13.370571,16.906,16.906,13.805122,20.473,20.473,16.001307
105,105,105,105,105,105,105,14.114,14.114,16.02867,14.186,14.186,15.437163,19.42,19.42,16.848188,19.957,19.957,16.6994,4.399,4.399,14.453786,1.084,1.0839999,16.039974,19.362,19.362,18.587263
106,106,106,106,106,106,106,17.7,17.7,13.836391,3.894,3.8940003,14.676756,22.896,22.896,23.080025,30.06,30.06,19.381798,15.105,15.105,14.0277405,9.111,9.111001,12.72215,18.237,18.236998,16.886341
107,107,107,107,107,107,107,22.29,22.289999,17.563581,3.416,3.4160001,12.045285,2.728,2.7279997,16.043285,14.247,14.247,13.466828,15.968,15.967999,12.400419,26.764,26.764002,25.922897,15.091,15.091,18.381052
108,108,108,108,108,108,108,9.797,9.797,9.553395,10.704,10.704001,9.251579,15.95,15.95,14.418142,18.79,18.79,17.632378,17.48,17.48,16.411245,16.752,16.752,12.7894745,13.687,13.687,18.705637
109,109,109,109,109,109,109,17.144,17.143997,18.576918,13.602,13.602,14.680244,24.989,24.989,21.814287,6.1,6.1,14.519356,9.245,9.245,10.858779,15.111,15.111,19.12514,30.908,30.908003,19.395515
110,110,110,110,110,110,110,20.277,20.277,18.871737,15.076,15.076001,14.524243,18.555,18.555,13.515783,4.922,4.922,14.889393,23.914,23.914001,23.0031,16.356,16.356,15.269871,14.729,14.729,22.724297
111,111,111,111,111,111,111,6.522,6.522,15.536946,16.184,16.184,23.77359,26.062,26.062,11.747714,13.684,13.684,24.018763,13.765,13.765,15.523604,9.987,9.987,11.142701,25.11,25.110003,23.098488
112,112,112,112,112,112,112,27.519,27.518997,23.877666,14.604,14.604002,21.27449,28.304,28.304,28.042109,12.847,12.847,20.718725,11.81,11.81,24.958384,19.833,19.833,17.905958,23.836,23.836,20.82895
113,113,113,113,113,113,113,19.019,19.018997,17.257921,12.695,12.695,12.957711,6.905,6.9049997,12.729048,10.11,10.11,13.143622,11.271,11.271,17.585222,10.759,10.759,17.774633,4.04,4.0400004,19.811563
114,114,114,114,114,114,114,18.313,18.313,18.350927,12.216,12.216001,13.359056,10.432,10.432,10.6181965,17.579,17.579,15.783897,14.798,14.798,25.049408,30.052,30.052,15.271459,14.562,14.562,16.278261
115,115,115,115,115,115,115,8.874,8.874,22.660301,9.983,9.983,13.206071,-1.569,-1.5690001,8.97123,27.807,27.807,26.245436,13.805,13.805,13.207367,7.363,7.3629994,13.043117,27.253,27.253,25.459476
116,116,116,116,116,116,116,28.836,28.836002,9.852052,21.624,21.624,19.8493,15.116,15.116001,12.808343,20.479,20.479,21.565708,7.277,7.277,22.277945,26.517,26.517,21.7936,13.58,13.58,18.426817
117,117,117,117,117,117,117,-1.038,-1.038,14.859318,12.042,12.041999,16.315937,16.46,16.46,15.92863,22.75,22.750002,13.110399,20.933,20.932999,16.840656,14.626,14.626,16.638628,31.535,31.535,15.991396
118,118,118,118,118,118,118,13.825,13.825,18.381903,11.751,11.751001,18.194258,13.732,13.732,15.357785,14.412,14.412,16.29547,8.059,8.059,10.306207,16.832,16.832,15.8933325,30.498,30.498,13.595813
119,119,119,119,119,119,119,24.195,24.195,15.859945,20.161,20.161,20.990618,6.488,6.488,17.902882,14.538,14.537999,15.714051,10.974,10.974,12.88507,17.005,17.005,20.516287,20.548,20.548,10.08763
120,120,120,120,120,120,120,11.895,11.895,7.080305,10.709,10.709002,21.676924,13.605,13.605,14.616122,28.458,28.458,16.889236,26.152,26.152,12.184919,28.442,28.442001,16.115927,26.164,26.164,18.021738
121,121,121,121,121,121,121,10.908,10.908,20.315924,0.33,0.32999992,7.281523,13.06,13.060002,18.075588,-1.18,-1.1800001,14.427413,7.751,7.751,19.440998,15.42,15.42,16.433735,7.141,7.141,20.95553
122,122,122,122,122,122,122,17.437,17.437,18.068665,17.904,17.904,22.116716,1.5,1.5,16.589048,3.687,3.687,13.676258,18.455,18.455,17.685667,14.644,14.644,16.852953,21.775,21.775,16.850697
123,123,123,123,123,123,123,15.203,15.203,17.371298,22.684,22.684,25.32615,30.64,30.64,14.589793,14.958,14.958,12.925896,29.63,29.63,20.15307,18.842,18.842,20.275537,12.349,12.349,15.697324
124,124,124,124,124,124,124,15.282,15.282,17.824146,-0.217,-0.21699993,16.604591,6.428,6.428,10.112943,29.817,29.817,22.087988,13.957,13.957001,15.556428,15.602,15.602001,19.902843,19.543,19.543,19.862673
125,125,125,125,125,125,125,16.4,16.400002,19.80821,19.607,19.607,13.2883835,26.393,26.393,24.979996,21.909,21.909,19.023727,6.872,6.872,13.068101,10.736,10.736,14.856852,13.819,13.819,19.019497
126,126,126,126,126,126,126,4.069,4.069,11.349442,11.169,11.169001,14.2641,12.074,12.074,13.511862,14.984,14.984,14.848572,18.238,18.238,11.822388,29.663,29.663,26.77983,8.939,8.939,15.790446
127,127,127,127,127,127,127,12.898,12.898,18.408125,10.314,10.314,13.526997,7.699,7.698999,15.419162,22.019,22.019,17.79385,18.603,18.603,24.478369,25.196,25.196001,9.567246,13.924,13.924,14.33257
128,128,128,128,128,128,128,26.416,26.415997,21.359362,12.438,12.438001,12.599853,20.956,20.956,24.72138,25.921,25.921,18.078093,25.454,25.454,15.181844,26.671,26.671,13.183782,12.286,12.286,6.526257
129,129,129,129,129,129,129,17.709,17.709,20.069056,15.03,15.03,17.386196,6.457,6.457,10.040795,7.431,7.4309998,12.116788,15.67,15.67,17.69884,25.518,25.518,21.651161,9.514,9.514,17.064297
130,130,130,130,130,130,130,10.747,10.747,13.117495,13.763,13.7630005,5.0221763,27.362,27.362,19.351013,19.97,19.97,20.762943,26.761,26.761002,20.705845,14.979,14.979,17.125465,22.573,22.573,17.886091
131,131,131,131,131,131,131,12.69,12.690001,14.827751,11.942,11.942,21.909105,1.221,1.2209998,5.6166096,34.342,34.342,14.440457,11.274,11.274,10.460449,11.304,11.304,13.775228,14.91,14.91,16.879358
132,132,132,132,132,132,132,24.323,24.323,13.390512,29.864,29.864,25.98731,3.912,3.912,10.980279,22.687,22.687,16.785355,22.049,22.049,17.635649,7.181,7.181,17.80452,19.472,19.472,17.286058
133,133,133,133,133,133,133,7.926,7.926,14.844543,18.791,18.791,17.214941,9.688,9.688,21.997965,9.6,9.6,20.07712,20.597,20.597,23.034992,20.549,20.549,17.834988,6.726,6.726,15.211308
134,134,134,134,134,134,134,13.473,13.473001,13.948764,26.029,26.029,18.232182,10.56,10.560001,17.573156,17.222,17.222,15.964942,14.692,14.692,8.802205,12.686,12.686,14.691594,13.649,13.649,16.256449
135,135,135,135,135,135,135,11.862,11.862,10.876934,26.065,26.065,20.866068,4.791,4.791,15.946287,14.55,14.55,11.484739,21.5,21.499998,12.290912,29.494,29.494001,18.403997,15.6,15.6,14.769771
136,136,136,136,136,136,136,12.904,12.904,15.638912,17.24,17.24,18.828829,9.386,9.386001,13.745825,16.827,16.827,21.312925,25.539,25.539,11.658892,16.691,16.691,18.818607,15.188,15.188,14.20969
137,137,137,137,137,137,137,18.906,18.906,15.529049,16.872,16.872002,14.284105,31.459,31.459,17.55365,7.624,7.624001,10.616499,17.469,17.469,19.059706,24.891,24.891005,11.970007,12.925,12.925,18.686218
138,138,138,138,138,138,138,30.471,30.470997,24.810442,17.742,17.742,18.946352,15.664,15.664,16.149967,6.857,6.8570004,-1.8554714,30.043,30.043,28.345781,17.895,17.895,23.26709,23.806,23.806,18.68797
139,139,139,139,139,139,139,19.903,19.903,15.990534,13.981,13.981,13.201585,24.039,24.039,19.404781,14.024,14.024,13.5514555,6.745,6.745,16.064274,29.422,29.422003,16.260635,21.575,21.575,11.772974
140,140,140,140,140,140,140,13.604,13.604,15.60406,15.809,15.809,17.612963,18.357,18.357,19.490307,26.466,26.466,10.129307,10.001,10.001,14.1917095,7.385,7.385,11.409815,11.058,11.058,13.126761
141,141,141,141,141,141,141,10.712,10.712,16.33137,28.097,28.097002,14.880614,13.037,13.037001,13.5799,21.498,21.498,16.12555,24.56,24.56,20.74673,17.135,17.135,12.361811,27.545,27.545,21.117182
142,142,142,142,142,142,142,13.376,13.376,13.390956,28.374,28.374,15.393454,23.235,23.235,22.381327,9.035,9.035,14.653244,22.103,22.103,16.77659,13.055,13.055,14.500466,14.822,14.822,13.697149
143,143,143,143,143,143,143,14.11,14.11,16.11884,25.934,25.934,21.62459,16.71,16.71,18.072992,10.211,10.211,13.86127,10.566,10.566,19.71379,5.695,5.695,16.762272,13.67,13.67,15.913497
144,144,144,144,144,144,144,29.352,29.352,17.639662,20.013,20.013,18.376205,12.524,12.524001,19.895605,14.081,14.081,13.294881,17.098,17.098,21.753817,14.973,14.973,19.810724,19.173,19.173,15.154162
145,145,145,145,145,145,145,13.303,13.303,21.011173,18.611,18.611002,14.089393,14.487,14.487002,12.351824,13.341,13.341001,20.624758,26.965,26.964998,24.773338,21.652,21.652002,26.937374,7.597,7.5970006,11.474727
146,146,146,146,146,146,146,16.479,16.479,22.29023,29.629,29.629,18.475855,26.054,26.054,13.805892,15.819,15.819,14.839049,23.049,23.049,24.606743,11.601,11.601,18.358095,20.403,20.403,19.985426
147,147,147,147,147,147,147,10.54,10.540001,18.767324,7.23,7.23,18.256548,19.758,19.758,18.14284,11.126,11.126,15.514752,16.769,16.769,13.49855,4.022,4.022,13.445854,23.928,23.928,21.615477
148,148,148,148,148,148,148,26.813,26.812998,8.203799,28.012,28.012,16.932058,19.414,19.414,18.840788,6.728,6.727999,27.15141,8.847,8.847,10.247264,22.296,22.296001,20.091791,9.858,9.858,9.957676
149,149,149,149,149,149,149,14.15,14.15,18.335636,22.06,22.06,19.532665,11.762,11.762,13.95694,18.427,18.427,13.322291,20.106,20.106,13.712136,3.414,3.4139998,10.6071415,17.528,17.527998,23.297771
150,150,150,150,150,150,150,14.539,14.539,17.333353,16.435,16.435,21.04203,19.268,19.268,18.243298,16.97,16.97,16.925577,28.366,28.366,19.34438,19.295,19.295,17.642101,19.166,19.166,17.667274
151,151,151,151,151,151,151,9.983,9.983,12.708696,11.23,11.2300005,18.777792,10.096,10.096002,10.88313,14.575,14.575001,15.8881645,10.505,10.505,19.936655,6.698,6.6979995,19.24616,14.432,14.432,16.431467
152,152,152,152,152,152,152,13.822,13.8220005,13.067977,15.288,15.288001,15.825549,30.985,30.985,23.65563,10.404,10.404001,15.146941,19.212,19.212,17.884817,7.355,7.3550005,17.67088,15.182,15.182,15.66193
153,153,153,153,153,153,153,21.193,21.193,19.6599,27.678,27.678,17.360325,18.876,18.876,14.447651,9.188,9.188001,10.532487,29.742,29.741999,10.111111,23.295,23.295002,17.155977,24.356,24.356,18.47157
154,154,154,154,154,154,154,18.616,18.616,17.244404,7.211,7.2110004,12.716078,12.683,12.683001,12.150844,27.481,27.481,27.892807,21.654,21.654,22.36248,26.695,26.695,17.728,11.658,11.658,12.341845
155,155,155,155,155,155,155,7.214,7.214,18.988,28.413,28.413,23.597874,26.163,26.163,23.281105,10.342,10.342,21.067947,19.637,19.637,17.960772,10.487,10.487,17.990425,24.78,24.78,20.992245
156,156,156,156,156,156,156,23.71,23.71,16.6369,13.918,13.918,16.97877,17.809,17.809002,16.743332,18.013,18.013,15.759556,7.237,7.2370005,18.014257,9.812,9.812,18.172728,20.08,20.080002,12.658985
157,157,157,157,157,157,157,3.335,3.3349996,9.83929,27.98,27.98,9.305553,13.874,13.874,21.013453,13.88,13.880001,19.603212,16.531,16.531,14.863355,15.527,15.527,20.950266,13.861,13.860999,16.914509
158,158,158,158,158,158,158,14.518,14.518,13.6237955,24.053,24.053,18.212872,10.8,10.8,8.402959,11.8,11.8,25.254097,26.62,26.62,20.671179,20.942,20.942001,14.354511,18.711,18.711,18.331789
159,159,159,159,159,159,159,30.523,30.523003,25.928003,15.93,15.93,16.048458,9.777,9.777,14.604174,8.307,8.307,14.043547,17.592,17.592,13.418361,17.019,17.019,14.869354,15.995,15.995,14.171287
160,160,160,160,160,160,160,2.294,2.2940001,17.01066,17.498,17.498,17.416061,12.509,12.509001,17.796103,16.256,16.256,10.679134,19.53,19.53,17.41174,16.07,16.069998,15.702505,19.759,19.759,20.337803
161,161,161,161,161,161,161,6.563,6.563,15.627184,1.241,1.2410002,13.236033,13.269,13.269,14.593955,22.655,22.655,16.748228,16.719,16.718998,19.696758,25.199,25.199,15.906789,8.053,8.053001,12.858408
162,162,162,162,162,162,162,25.524,25.523998,22.865015,28.171,28.171,19.619127,11.781,11.781,15.5998745,16.667,16.667,18.886848,6.742,6.742,13.250747,9.356,9.356,22.631235,31.885,31.885,19.673203
163,163,163,163,163,163,163,16.085,16.085,18.739529,25.837,25.837,17.469318,28.199,28.199,16.300844,18.001,18.001,16.387281,14.916,14.916,16.049276,15.95,15.950001,14.388323,19.808,19.808,18.65085
164,164,164,164,164,164,164,-0.699,-0.69899994,14.869968,17.935,17.935,16.861668,21.673,21.673,16.639639,5.362,5.362,9.230709,14.794,14.794,14.668453,19.12,19.120003,16.425335,6.721,6.721,15.610665
165,165,165,165,165,165,165,11.215,11.215,20.332458,6.334,6.334,14.664256,10.429,10.429001,23.845774,15.472,15.472,13.857745,26.478,26.478,16.78169,15.794,15.794001,15.578899,7.649,7.649,16.409622
166,166,166,166,166,166,166,6.864,6.864,11.762892,23.102,23.102,19.715172,3.94,3.94,20.037613,18.626,18.625998,14.4013,11.449,11.449,11.680206,7.436,7.4360003,11.057531,27.101,27.101,21.273735
167,167,167,167,167,167,167,16.301,16.301003,15.564747,19.958,19.958,16.395742,14.249,14.249001,15.09085,4.361,4.361,10.007219,15.986,15.985998,17.52238,28.684,28.684,19.029974,26.816,26.816,25.768244
168,168,168,168,168,168,168,16.452,16.452002,19.644108,28.259,28.259,24.4114,23.954,23.954,17.225256,19.042,19.042,17.028227,27.499,27.499,18.682638,15.122,15.122,27.86624,15.919,15.919,16.375202
169,169,169,169,169,169,169,22.456,22.456,20.261318,14.042,14.042002,15.574248,14.635,14.635,11.322336,19.221,19.221,16.26179,15.445,15.445,13.10591,21.436,21.436003,17.6835,15.944,15.944,20.328354
170,170,170,170,170,170,170,21.707,21.706999,20.811838,31.368,31.368,27.350338,24.244,24.244,22.717266,13.415,13.415001,17.231922,29.176,29.176,19.065542,10.299,10.299,13.770158,18.334,18.333998,19.282425
171,171,171,171,171,171,171,6.45,6.45,14.948999,-3.396,-3.396,12.0312605,20.055,20.055,16.939026,14.625,14.625,14.8184395,7.838,7.838,14.330332,13.777,13.777,16.681448,22.847,22.847,24.01824
172,172,172,172,172,172,172,17.932,17.932,20.53996,20.691,20.691,14.338248,7.365,7.365,9.226298,9.529,9.528999,11.655279,1.74,1.74,12.850466,9.891,9.891001,16.524261,17.335,17.335,16.509808
173,173,173,173,173,173,173,15.552,15.552,18.105286,12.984,12.984,15.381765,17.034,17.034002,17.046741,15.14,15.14,15.899146,15.579,15.579,14.876872,22.884,22.884,15.425036,7.578,7.578,14.572361
174,174,174,174,174,174,174,14.075,14.075,15.629042,16.872,16.872002,18.066422,13.697,13.697,17.208838,27.063,27.063,14.018892,20.071,20.071,10.79543,29.638,29.638,21.811619,17.801,17.801,16.112175
175,175,175,175,175,175,175,10.395,10.395,16.723948,9.359,9.359001,18.374329,12.564,12.564001,13.327682,25.773,25.773,22.00555,6.571,6.571,12.424058,5.576,5.576,15.54436,9.775,9.775,7.7969017
176,176,176,176,176,176,176,4.441,4.4409995,14.074395,13.285,13.285001,13.490251,6.45,6.45,13.2642765,25.764,25.764,15.988951,4.621,4.621,10.708733,29.85,29.85,23.588678,17.565,17.564999,15.721488
177,177,177,177,177,177,177,7.343,7.343001,18.138008,26.012,26.012001,22.107456,11.076,11.076002,14.982989,1.569,1.569,8.051035,16.375,16.374998,13.689663,21.384,21.384,19.1893,26.582,26.582003,17.131378
178,178,178,178,178,178,178,8.691,8.690999,12.538659,19.866,19.866,13.478,21.534,21.534,17.433836,27.708,27.708,14.9943,7.943,7.9430003,16.484808,19.49,19.489998,13.50086,26.812,26.812,20.276634
179,179,179,179,179,179,179,28.324,28.324,24.670547,19.575,19.575003,18.34077,5.853,5.853,11.138507,31.176,31.175999,12.293773,22.723,22.723001,15.063685,19.158,19.158,6.71233,22.601,22.601,18.629745
180,180,180,180,180,180,180,27.955,27.955,17.385418,30.266,30.266,18.535934,24.611,24.611,13.25423,11.762,11.762001,13.633438,12.846,12.846,11.835936,22.661,22.661001,16.399525,17.498,17.497997,19.043484
181,181,181,181,181,181,181,11.508,11.508,17.849127,9.589,9.589,10.309295,28.079,28.079,12.81852,25.623,25.623001,15.489475,6.985,6.985,16.177301,15.284,15.284,17.480026,26.472,26.472,27.742085
182,182,182,182,182,182,182,20.574,20.573997,19.081724,25.222,25.222,20.964539,27.169,27.169,18.829681,29.927,29.927,24.016726,7.748,7.7480006,16.943195,7.225,7.225,12.980284,12.838,12.838,14.483288
183,183,183,183,183,183,183,21.014,21.014002,19.680918,21.999,21.999,20.08103,-1.093,-1.093,9.159471,16.912,16.912003,18.085413,6.366,6.366,10.399505,16.722,16.722,15.207213,14.764,14.764,12.687616
184,184,184,184,184,184,184,29.753,29.753,16.232912,7.539,7.5390005,11.337901,18.439,18.439,19.639492,19.111,19.111,16.46758,16.015,16.015,18.90486,6.99,6.9899993,15.58014,20.936,20.936003,17.76125
185,185,185,185,185,185,185,28.555,28.554998,18.561348,19.723,19.723,16.555624,29.294,29.294,16.646852,13.147,13.147,17.629847,15.877,15.876999,17.914907,12.589,12.589,17.382542,15.773,15.773,21.011011
186,186,186,186,186,186,186,12.48,12.48,17.601036,25.137,25.137,19.202139,3.17,3.1699998,28.596945,13.939,13.939,15.735213,19.141,19.141,20.543692,12.458,12.458,16.17736,30.507,30.507,16.160124
187,187,187,187,187,187,187,28.709,28.708998,16.715534,15.208,15.208,17.804434,26.259,26.259,20.534767,27.83,27.83,18.484344,18.23,18.23,12.354225,20.131,20.131002,20.12671,24.243,24.243,22.609392
188,188,188,188,188,188,188,24.898,24.897999,17.263985,19.61,19.61,20.511251,28.83,28.83,17.893866,11.001,11.001,13.797539,15.481,15.481,13.110012,22.934,22.934004,17.811363,28.261,28.261,16.012348
189,189,189,189,189,189,189,19.259,19.258999,19.87107,17.604,17.604002,22.900427,29.513,29.513,21.280718,8.495,8.495,8.717873,16.326,16.326,11.458507,29.182,29.182,16.903404,13.557,13.557,19.169197
190,190,190,190,190,190,190,19.126,19.125998,19.50455,-0.715,-0.71500003,10.598429,0.751,0.75100017,14.650392,6.721,6.721,17.240612,15.163,15.163,20.065498,17.651,17.651,18.720768,23.651,23.651,16.902872
191,191,191,191,191,191,191,15.07,15.07,18.291128,6.86,6.859999,11.309129,8.291,8.290999,19.558842,18.237,18.237001,17.265858,5.598,5.598,13.282534,17.363,17.363,16.094095,10.664,10.664,18.776594
192,192,192,192,192,192,192,25.025,25.024998,23.13587,17.741,17.741001,14.898684,17.43,17.43,20.59633,5.962,5.962,13.836232,5.864,5.864,15.691016,13.681,13.681,15.018522,14.652,14.652,17.258755
193,193,193,193,193,193,193,13.841,13.841,13.69771,18.982,18.982,14.922004,28.131,28.131,18.554039,23.847,23.847,18.830511,15.621,15.621,15.252945,11.916,11.915999,18.06679,17.894,17.894,17.83801
194,194,194,194,194,194,194,25.146,25.146,21.15518,24.916,24.916,16.813902,10.75,10.750002,9.975748,13.063,13.063,17.100924,29.447,29.447,14.495111,3.907,3.9069998,6.6181,9.785,9.785,14.55438
195,195,195,195,195,195,195,20.84,20.839998,20.520336,9.574,9.574001,18.818003,21.84,21.84,19.019789,21.942,21.942,16.162981,13.231,13.230999,16.474117,16.378,16.378,18.639,9.543,9.543,17.718653
196,196,196,196,196,196,196,21.83,21.830002,18.35605,16.184,16.184,14.7858515,26.067,26.067,19.353659,16.11,16.11,12.436429,16.006,16.005999,15.017591,14.97,14.969999,20.369785,24.483,24.483,9.092077
197,197,197,197,197,197,197,7.313,7.313,17.133793,15.658,15.658001,17.704836,21.975,21.974998,17.950642,19.692,19.692001,27.924885,10.86,10.86,12.536422,11.018,11.018001,15.899507,13.398,13.398,15.270277
198,198,198,198,198,198,198,8.852,8.852,14.242778,6.604,6.6039996,17.99088,14.716,14.716001,13.359469,8.88,8.88,13.018042,25.94,25.94,19.55457,13.1,13.1,17.359533,19.658,19.658,20.369987
199,199,199,199,199,199,199,14.562,14.562,14.962244,30.071,30.071,21.344307,20.795,20.795,17.518219,20.889,20.888998,15.274017,24.655,24.655,16.61596,14.702,14.702001,16.409075,18.096,18.096,18.74953
200,200,200,200,200,200,200,9.29,9.290001,8.132689,14.55,14.549999,25.90475,17.03,17.03,16.897902,3.892,3.892,16.957275,13.385,13.385,15.651094,30.749,30.749,22.60731,23.01,23.01,18.979885
201,201,201,201,201,201,201,21.361,21.360998,18.410654,25.443,25.443,15.597364,10.435,10.435,15.416279,18.485,18.485,21.467936,14.827,14.827,12.685471,27.553,27.553,23.748613,19.61,19.61,15.826854
202,202,202,202,202,202,202,27.708,27.707998,19.270266,20.954,20.954002,14.7787895,29.68,29.68,23.775871,17.969,17.969002,15.720714,9.805,9.805,13.514452,21.891,21.891003,17.212227,6.811,6.811,16.686352
203,203,203,203,203,203,203,18.182,18.182,18.442272,16.345,16.345,21.103401,22.856,22.856,17.161068,13.206,13.206,14.735721,28.195,28.195,16.560816,15.163,15.163,10.979841,24.006,24.006002,23.122017
204,204,204,204,204,204,204,17.228,17.228,15.641024,25.268,25.268,17.244886,27.098,27.098,12.656676,18.051,18.051,14.689891,31.828,31.828,17.810944,15.393,15.393001,17.728718,7.458,7.458,15.067122
205,205,205,205,205,205,205,9.022,9.021999,8.466318,24.748,24.748,19.870684,27.886,27.886,16.279654,24.709,24.709,19.134588,16.899,16.899,16.624592,29.746,29.746,21.199188,11.145,11.145,12.043378
206,206,206,206,206,206,206,25.591,25.591,22.63007,13.087,13.087,15.954891,13.608,13.608001,16.124298,24.342,24.341997,14.869546,13.553,13.553,18.41135,15.86,15.86,16.089859,20.674,20.674,19.33781
207,207,207,207,207,207,207,11.23,11.23,16.854631,24.987,24.987,18.187712,6.718,6.718,16.658129,12.681,12.681,17.853231,7.269,7.269,8.380794,13.76,13.76,14.264989,6.966,6.966,13.744202
208,208,208,208,208,208,208,33.277,33.277,17.276981,29.051,29.050999,12.018116,16.844,16.844,13.421833,24.062,24.062,17.122643,13.016,13.016,18.682583,17.39,17.39,14.890337,28.81,28.81,24.134676
209,209,209,209,209,209,209,19.478,19.477999,17.851255,7.465,7.4650006,14.490656,15.402,15.402001,26.006325,30.23,30.23,24.284054,15.154,15.154,12.736239,6.973,6.9729996,9.769096,17.43,17.43,14.042623
210,210,210,210,210,210,210,25.761,25.760998,22.489975,29.193,29.193,13.914444,16.883,16.883,18.58622,7.782,7.781999,15.847547,5.891,5.8909993,13.819586,20.394,20.394001,20.47424,18.053,18.052998,14.565222
211,211,211,211,211,211,211,14.867,14.867,16.029465,10.219,10.219001,14.735329,10.493,10.493,14.864144,25.65,25.649998,25.942919,27.034,27.034,11.134839,29.078,29.078,14.45538,20.036,20.036,22.033209
212,212,212,212,212,212,212,19.619,19.618996,15.369525,13.004,13.004001,21.35583,30.337,30.337,15.240139,31.161,31.161,19.95423,4.306,4.306,13.093509,15.706,15.706,19.993765,7.66,7.66,13.148666
213,213,213,213,213,213,213,15.636,15.636001,16.429028,21.652,21.652,17.798813,10.652,10.652001,19.74122,16.948,16.948002,14.285423,18.176,18.176,18.300535,15.148,15.148,14.337567,17.336,17.336,12.471777
